Timestamp,From Bank,Account,To Bank,Account.1,Amount Received,Receiving Currency,Amount Paid,Payment Currency,Payment Format,Is Laundering
2022/09/01 00:23,10,8003F8010,10,8003F8010,6.61,US Dollar,6.61,US Dollar,Reinvestment,0
2022/09/01 00:13,3232,800106580,3232,800106580,765.86,US Dollar,765.86,US Dollar,Reinvestment,0
2022/09/01 00:05,1292,8003362A0,1292,8003362A0,16.19,US Dollar,16.19,US Dollar,Reinvestment,0
2022/09/01 00:24,10,8001E1CF0,10,80021BC80,1670291.0,US Dollar,1670291.0,US Dollar,Cheque,0
2022/09/01 00:01,1,800174E90,1,800324010,2241.71,US Dollar,2241.71,US Dollar,Cheque,0
2022/09/01 00:22,1362,80030A870,1362,80030A870,52.11,Euro,61.06,US Dollar,ACH,0
2022/09/01 00:22,10,80024D950,10,80024D950,18.33,US Dollar,18.33,US Dollar,Reinvestment,0
2022/09/01 00:12,513,8003E0790,513,8003E0790,582955.92,US Dollar,582955.92,US Dollar,Reinvestment,0
2022/09/02 19:34,3229,803FF9220,220271,81114D580,10295.53,US Dollar,10295.53,US Dollar,ACH,1
2022/09/01 00:14,1362,800338250,1362,800338250,51146.32,US Dollar,51146.32,US Dollar,Reinvestment,0
2022/09/03 05:06,24482,801C0F2B0,214,80C1B9E20,333126.09,Mexican Peso,333126.09,Mexican Peso,ACH,1
2022/09/01 00:06,10,800324A00,10,800324A00,136568.45,US Dollar,136568.45,US Dollar,Reinvestment,0
2022/09/01 00:03,1,8002BAD30,1,8002BAD30,6392.09,US Dollar,6392.09,US Dollar,Reinvestment,0
2022/09/01 00:18,12,80018EE40,10,800194520,5565.2,US Dollar,5565.2,US Dollar,Wire,0
2022/09/01 00:09,1,800134D30,1,800134D30,169103.95,US Dollar,169103.95,US Dollar,Reinvestment,0
2022/09/01 00:15,10,800105D30,10,800105D30,19.8,US Dollar,19.8,US Dollar,Reinvestment,0
2022/09/01 00:04,12,80013BCB0,12,80013BCB0,843085.95,US Dollar,843085.95,US Dollar,Reinvestment,0
2022/09/01 00:11,1,800A5F020,1420,8006A3840,1210984.0,US Dollar,1210984.0,US Dollar,ACH,0
2022/09/01 00:24,3701,8003BD9C0,513,8003BE4B0,2513.24,US Dollar,2513.24,US Dollar,Cheque,0
2022/09/01 00:09,1292,8003E21B0,1292,8003E21B0,17.58,US Dollar,17.58,US Dollar,Reinvestment,0
2022/09/01 00:16,220,8001A7890,220,8001A7890,21510.29,US Dollar,21510.29,US Dollar,Reinvestment,0
2022/09/01 00:10,3704,8003C3050,3704,8003C3050,24222.85,US Dollar,24222.85,US Dollar,Reinvestment,0
2022/09/01 00:11,1674,800413A70,1674,800413A70,23379.08,US Dollar,23379.08,US Dollar,Reinvestment,0
2022/09/01 00:20,3247,80028B4A0,3247,80028B4A0,2079.28,US Dollar,2079.28,US Dollar,Reinvestment,0
2022/09/01 00:10,1601,800417F20,1601,800417F20,1431.89,US Dollar,1431.89,US Dollar,Reinvestment,0
2022/09/01 01:53,118180,806B9FA20,117143,806C5E8E0,174293.74,Ruble,174293.74,Ruble,ACH,1
2022/09/01 00:27,1467,800268E80,1467,800268E80,302209.88,US Dollar,302209.88,US Dollar,Reinvestment,0
2022/09/01 00:14,10,80018DBD0,1,800256410,409.45,US Dollar,409.45,US Dollar,Cash,0
2022/09/01 00:07,1,80005E740,220,8001E8C30,8897.89,US Dollar,8897.89,US Dollar,Credit Card,0
2022/09/01 02:52,20,80BC62F10,240229,80F025640,7332.87,Swiss Franc,7332.87,Swiss Franc,ACH,1
2022/09/01 00:24,1292,80019AAF0,2952,80539CF20,2.56,US Dollar,2.56,US Dollar,Credit Card,0
2022/09/01 00:20,220,800250820,220,800250820,222984.76,US Dollar,222984.76,US Dollar,Reinvestment,0
2022/09/01 00:19,220,8001908C0,220,8001908C0,18.12,US Dollar,18.12,US Dollar,Reinvestment,0
2022/09/01 00:24,1,800222230,1,800222230,19453.7,US Dollar,19453.7,US Dollar,Reinvestment,0
2022/09/01 00:09,1,8000F7850,1467,80027F1C0,3044.97,US Dollar,3044.97,US Dollar,Credit Card,0
2022/09/01 00:17,10,8001551C0,10,8001551C0,1009893.58,US Dollar,1009893.58,US Dollar,Reinvestment,0
2022/09/01 00:01,1601,8003B68B0,1601,8003B68B0,818557.95,US Dollar,818557.95,US Dollar,Reinvestment,0
2022/09/01 00:22,1,800174E90,1,800324010,464.54,US Dollar,464.54,US Dollar,Credit Card,0
2022/09/01 00:08,10,800279310,10,800279310,8.17,US Dollar,8.17,US Dollar,Reinvestment,0
2022/09/01 00:28,1,800059440,1,800059440,13.94,US Dollar,13.94,US Dollar,Reinvestment,0
2022/09/01 00:21,10,8005F0B50,13327,810B0FB40,86.3,US Dollar,86.3,US Dollar,Credit Card,0
2022/09/01 00:28,70,100428660,1467,80041C090,27598.85,US Dollar,27598.85,US Dollar,Credit Card,0
2022/09/01 00:13,1,8000EDBB0,1,8000EDBB0,14.62,US Dollar,14.62,US Dollar,Reinvestment,0
2022/09/01 00:08,1292,800194E00,1292,800194E00,339207.48,US Dollar,339207.48,US Dollar,Reinvestment,0
2022/09/01 00:00,1,80005C0A0,1588,8003AC470,427.27,US Dollar,427.27,US Dollar,ACH,0
2022/09/01 00:24,1,80019A020,1,800139D10,8942.79,US Dollar,8942.79,US Dollar,Credit Card,0
2022/09/01 00:17,10,80014E900,10,80014E900,23.7,US Dollar,23.7,US Dollar,Reinvestment,0
2022/09/01 00:13,220,8001533D0,220,8001533D0,1150.3,US Dollar,1150.3,US Dollar,Reinvestment,0
2022/09/04 01:29,6179,802D53D80,240229,80EE2B9B0,14199.39,Swiss Franc,14199.39,Swiss Franc,ACH,1
2022/09/01 00:06,1292,8001CA830,10,8003B5DC0,9106.46,US Dollar,9106.46,US Dollar,Credit Card,0
2022/09/01 00:27,220,8003A1C90,220,8003A1C90,17.94,US Dollar,17.94,US Dollar,Reinvestment,0
2022/09/01 00:08,1,8000ECD60,1,8000ECD60,462.12,US Dollar,462.12,US Dollar,Reinvestment,0
2022/09/01 00:09,1467,8003288A0,1467,8003288A0,919.52,US Dollar,919.52,US Dollar,Reinvestment,0
2022/09/01 00:12,10,800056660,10,800056660,297.27,US Dollar,297.27,US Dollar,ACH,0
2022/09/01 00:13,3433,800222790,3433,800222790,6308.99,US Dollar,6308.99,US Dollar,Reinvestment,0
2022/09/01 00:12,10,8003E5E20,10,8003E5E20,21.66,US Dollar,21.66,US Dollar,Reinvestment,0
2022/09/01 00:01,1362,800304EA0,1362,800304EA0,3990.19,US Dollar,3990.19,US Dollar,Reinvestment,0
2022/09/01 00:13,3429,8003D2CF0,3429,8003D2CF0,1000.03,US Dollar,1000.03,US Dollar,Reinvestment,0
2022/09/01 00:22,10,8002CE2C0,10,8002CE2C0,15.75,US Dollar,15.75,US Dollar,Reinvestment,0
2022/09/01 00:10,1,800128AC0,10,80012AB70,10770.88,US Dollar,10770.88,US Dollar,Cheque,0
2022/09/01 00:16,10,80034F190,10,80034F190,6521.67,US Dollar,6521.67,US Dollar,Reinvestment,0
2022/09/01 00:08,70,100428660,12,8001A8EB0,245677.91,US Dollar,245677.91,US Dollar,Cheque,0
2022/09/01 00:25,10,8003BAB40,10,8003BAB40,24.76,US Dollar,24.76,US Dollar,Reinvestment,0
2022/09/01 00:02,1,80028C950,1,80028C950,75753.95,US Dollar,75753.95,US Dollar,Reinvestment,0
2022/09/01 00:02,3429,800418810,3429,800418810,1758.34,US Dollar,1758.34,US Dollar,Reinvestment,0
2022/09/01 00:02,12,8003DA180,19329,803CAA8A0,6.99,US Dollar,6.99,US Dollar,Credit Card,0
2022/09/01 00:17,70,100428660,12,80025BBB0,9272.86,US Dollar,9272.86,US Dollar,Credit Card,0
2022/09/01 00:22,1362,800392D50,1362,800392D50,4.59,US Dollar,4.59,US Dollar,Reinvestment,0
2022/09/01 00:04,1,8000F47F0,1,8000F47F0,9.38,US Dollar,9.38,US Dollar,Reinvestment,0
2022/09/01 00:21,3429,800392B70,3429,800392B70,197.15,US Dollar,197.15,US Dollar,Reinvestment,0
2022/09/01 00:16,3239,80032A4D0,3239,80032A4D0,3539.06,US Dollar,3539.06,US Dollar,Reinvestment,0
2022/09/01 00:05,10,800137A80,10,800137A80,6089.46,US Dollar,6089.46,US Dollar,Reinvestment,0
2022/09/01 00:09,1,8001D1F20,1362,80034C6F0,58999.57,US Dollar,58999.57,US Dollar,Cheque,0
2022/09/01 00:17,1,800263180,1,800263180,25360.7,US Dollar,25360.7,US Dollar,Reinvestment,0
2022/09/01 00:03,1292,8001DA790,1292,8001DA790,24.97,US Dollar,24.97,US Dollar,Reinvestment,0
2022/09/01 00:06,220,800119BA0,220,800119BA0,484747.77,US Dollar,484747.77,US Dollar,Reinvestment,0
2022/09/01 00:13,12,8001E0160,1420,8003BA850,26077.46,US Dollar,26077.46,US Dollar,Cheque,0
2022/09/01 00:14,10,8001E8240,10,8001E8240,281895.42,US Dollar,281895.42,US Dollar,Reinvestment,0
2022/09/01 00:27,220,8001316A0,220,8001316A0,19.83,US Dollar,19.83,US Dollar,Reinvestment,0
2022/09/01 00:27,513,8003E12C0,1362,8003D80B0,481015.0,US Dollar,481015.0,US Dollar,Cheque,0
2022/09/01 18:17,22806,807A61380,6179,802D53D80,16345.56,US Dollar,16345.56,US Dollar,ACH,1
2022/09/01 00:20,10,80005B110,10,80021ADE0,4432.21,US Dollar,4432.21,US Dollar,Wire,0
2022/09/01 00:02,1467,800391E80,1467,800391E80,20005.38,US Dollar,20005.38,US Dollar,Reinvestment,0
2022/09/01 00:17,12,800229520,10,8003A8AB0,15094.63,US Dollar,15094.63,US Dollar,Credit Card,0
2022/09/01 00:21,1665,8003CFC30,1665,8003CFC30,3.46,US Dollar,3.46,US Dollar,Reinvestment,0
2022/09/01 00:05,1292,80034F370,1292,80034F370,1862.68,US Dollar,1862.68,US Dollar,Reinvestment,0
2022/09/01 00:18,3601,8003F1EA0,1467,8003E6470,17074.62,US Dollar,17074.62,US Dollar,ACH,0
2022/09/01 00:00,3284,800146EE0,3284,800146EE0,12971.84,US Dollar,12971.84,US Dollar,Reinvestment,0
2022/09/01 00:08,1,8001093C0,1,8001093C0,3.35,US Dollar,3.35,US Dollar,Reinvestment,0
2022/09/01 00:20,3619,8003BE500,3619,8003BE500,1418.43,US Dollar,1418.43,US Dollar,Reinvestment,0
2022/09/01 00:28,12,800229520,10,8003A8AB0,11326.29,US Dollar,11326.29,US Dollar,Wire,0
2022/09/01 00:22,220,8002BBBC0,1665,8003DAEE0,1123135.25,US Dollar,1123135.25,US Dollar,ACH,0
2022/09/01 00:03,10,800056660,10,800056660,1134.32,US Dollar,1134.32,US Dollar,Credit Card,0
2022/09/01 00:27,12,80010F6E0,8595,8123576A0,39.77,US Dollar,39.77,US Dollar,Credit Card,0
2022/09/01 00:10,12,800409CB0,12,800409CB0,9.7,US Dollar,9.7,US Dollar,Reinvestment,0
2022/09/01 00:00,3209,8003F5E60,3209,8003F5E60,8306.68,US Dollar,8306.68,US Dollar,Reinvestment,0
2022/09/01 00:27,10,800134B60,10,800134B60,5.03,US Dollar,5.03,US Dollar,Reinvestment,0
2022/09/01 00:22,1420,800301DD0,1420,800301DD0,5.11,US Dollar,5.11,US Dollar,Reinvestment,0
2022/09/01 00:25,1588,80034C2E0,1588,80034C2E0,14.46,US Dollar,14.46,US Dollar,Reinvestment,0
2022/09/01 00:10,10,80041DD00,10,80041DD00,128499.22,US Dollar,128499.22,US Dollar,Reinvestment,0
2022/09/01 00:07,10,8001E7410,10,8001E7410,18.91,US Dollar,18.91,US Dollar,Reinvestment,0
2022/09/01 00:05,12,80022A3F0,12,80025CBF0,30659.92,US Dollar,30659.92,US Dollar,Cash,0
2022/09/01 00:17,1,80014BA70,1,80014BA70,3.36,US Dollar,3.36,US Dollar,Reinvestment,0
2022/09/01 00:22,1362,8003426B0,1362,8003426B0,22.09,US Dollar,22.09,US Dollar,Reinvestment,0
2022/09/01 00:20,12,80005D3B0,12,80005D3B0,146758.59,US Dollar,146758.59,US Dollar,Reinvestment,0
2022/09/01 00:22,12,8000F7C60,10,800223A20,2823.61,US Dollar,2823.61,US Dollar,Wire,0
2022/09/01 00:00,3211,80019ACF0,3211,80019ACF0,17006.28,US Dollar,17006.28,US Dollar,Reinvestment,0
2022/09/01 00:28,1,8000F4D20,1,8000F4D20,55925.32,US Dollar,55925.32,US Dollar,Reinvestment,0
2022/09/01 00:17,1,80019AA50,220,800187940,142782.0,US Dollar,142782.0,US Dollar,Cheque,0
2022/09/01 00:02,10,800173690,10,800173690,4469344.13,US Dollar,4469344.13,US Dollar,Reinvestment,0
2022/09/01 00:01,12,8001E0E20,12,8001E0E20,822.7,US Dollar,822.7,US Dollar,Reinvestment,0
2022/09/01 00:25,1,800389B80,1,800389B80,7677.6,US Dollar,7677.6,US Dollar,Reinvestment,0
2022/09/01 00:08,1,800268220,17729,802EAF7D0,34.68,US Dollar,34.68,US Dollar,Credit Card,0
2022/09/01 00:24,10,8003F1570,227786,80B15F9F0,42.28,US Dollar,42.28,US Dollar,Credit Card,0
2022/09/01 00:03,3284,8001DDC00,1292,8001DDB60,1290.78,US Dollar,1290.78,US Dollar,ACH,0
2022/09/01 00:16,10,800137EF0,10,800137EF0,20.16,US Dollar,20.16,US Dollar,Reinvestment,0
2022/09/01 00:04,10,800118D50,12,8002B7700,13881.19,US Dollar,13881.19,US Dollar,Cash,0
2022/09/01 00:29,70,100428660,1362,8002589A0,26348.38,US Dollar,26348.38,US Dollar,Cheque,0
2022/09/01 00:12,1,8000F8AB0,1,8000F8AB0,1246.15,US Dollar,1246.15,US Dollar,Reinvestment,0
2022/09/01 00:06,10,80011D3F0,10,8003B5DC0,3450.55,US Dollar,3450.55,US Dollar,Cheque,0
2022/09/01 00:05,513,8003E12C0,513,8003E12C0,3690.94,US Dollar,3690.94,US Dollar,Reinvestment,0
2022/09/01 00:25,220,800269450,220,800269450,811.72,US Dollar,811.72,US Dollar,Reinvestment,0
2022/09/01 00:17,10,8002B9030,10,8002B9030,386835.34,US Dollar,386835.34,US Dollar,Reinvestment,0
2022/09/01 00:19,10,800111330,10,800111330,13283.45,US Dollar,13283.45,US Dollar,Reinvestment,0
2022/09/01 00:04,1,8001142C0,220,800102D10,25159.4,US Dollar,25159.4,US Dollar,ACH,0
2022/09/01 00:16,10,8003A69A0,13145,803195830,1.53,US Dollar,1.53,US Dollar,Credit Card,0
2022/09/01 00:27,220,800154160,220,800154160,16.3,US Dollar,16.3,US Dollar,Reinvestment,0
2022/09/01 00:24,1362,8001E6560,1362,8001E6560,3140.76,US Dollar,3140.76,US Dollar,Reinvestment,0
2022/09/01 00:22,1,8002EC7F0,1,8002EC7F0,2857612.93,US Dollar,2857612.93,US Dollar,Reinvestment,0
2022/09/01 00:05,220,80012A570,220,80012A570,4.98,US Dollar,4.98,US Dollar,Reinvestment,0
2022/09/01 00:01,1,80011DB20,1674,800406D80,343.1,US Dollar,343.1,US Dollar,Credit Card,0
2022/09/01 00:17,10,800405520,10,800405520,10.64,US Dollar,10.64,US Dollar,Reinvestment,0
2022/09/01 00:29,10,8001D2B30,10,8001D2B30,55447.01,US Dollar,55447.01,US Dollar,Reinvestment,0
2022/09/01 00:08,220,800163FD0,220,800163FD0,3473.33,US Dollar,3473.33,US Dollar,Reinvestment,0
2022/09/01 00:13,10,8001EB460,10,8001EB460,183.09,US Dollar,183.09,US Dollar,Reinvestment,0
2022/09/01 00:06,1292,800300A30,1292,800300A30,17423.2,US Dollar,17423.2,US Dollar,Reinvestment,0
2022/09/01 00:01,3420,800410F70,3420,800410F70,10371.53,US Dollar,10371.53,US Dollar,Reinvestment,0
2022/09/01 00:07,10,80040E520,10,80040E520,22.71,US Dollar,22.71,US Dollar,Reinvestment,0
2022/09/01 00:23,220,8003D4090,220,8003D4090,156235.86,US Dollar,156235.86,US Dollar,Reinvestment,0
2022/09/01 00:05,1,8003A50D0,1,8003A50D0,662.77,US Dollar,662.77,US Dollar,Reinvestment,0
2022/09/01 00:07,1362,800332400,1362,800332400,4966.07,US Dollar,4966.07,US Dollar,Reinvestment,0
2022/09/01 00:29,1,8000EEF40,1,8000EEF40,9.09,US Dollar,9.09,US Dollar,Reinvestment,0
2022/09/01 00:27,10,8003C3DA0,10,8003C3DA0,63926.48,US Dollar,63926.48,US Dollar,Reinvestment,0
2022/09/01 00:27,1362,80021C870,1362,80021C870,5.17,US Dollar,5.17,US Dollar,Reinvestment,0
2022/09/01 00:24,1,80005C0A0,1588,8003AC470,23932.75,US Dollar,23932.75,US Dollar,Cash,0
2022/09/01 00:29,1,800163DF0,1,800163DF0,12.23,US Dollar,12.23,US Dollar,Reinvestment,0
2022/09/01 00:18,1,80015D9D0,1,80015D9D0,9.82,US Dollar,9.82,US Dollar,Reinvestment,0
2022/09/01 00:27,12,80030BD90,12,80030BD90,22.77,US Dollar,22.77,US Dollar,Reinvestment,0
2022/09/01 00:01,12,80005B5F0,12,80005B5F0,24.37,US Dollar,24.37,US Dollar,Reinvestment,0
2022/09/01 00:28,1420,8005F2D30,1420,8005F2D30,8163.85,US Dollar,8163.85,US Dollar,Reinvestment,0
2022/09/01 00:08,1420,8003D2D40,1420,8003D2D40,146949.37,US Dollar,146949.37,US Dollar,Reinvestment,0
2022/09/01 00:11,3469,800252040,1420,800251BB0,0.01,US Dollar,0.01,US Dollar,Cheque,0
2022/09/01 00:03,1,80019A640,1,80019A640,7492.99,US Dollar,7492.99,US Dollar,Reinvestment,0
2022/09/01 00:23,10,8002CAD40,10,8002CAD40,680906.65,US Dollar,680906.65,US Dollar,Reinvestment,0
2022/09/01 00:12,1,8001117A0,1,8001117A0,10.36,US Dollar,10.36,US Dollar,Reinvestment,0
2022/09/01 00:22,1674,800AC8E30,1674,800AC8E30,4295104.54,US Dollar,4295104.54,US Dollar,Reinvestment,0
2022/09/01 00:02,220,80014BF30,10,800182360,15958.59,US Dollar,15958.59,US Dollar,ACH,0
2022/09/01 00:24,70,100428660,1665,8003C71D0,300.16,US Dollar,300.16,US Dollar,Cash,0
2022/09/01 00:17,12,80018EE40,10,800194520,12135.55,US Dollar,12135.55,US Dollar,ACH,0
2022/09/01 00:24,10,8001520E0,1588,8003BEB90,4344.23,US Dollar,4344.23,US Dollar,Credit Card,0
2022/09/01 00:19,10,8001A6E90,10,8001A6E90,1631299.78,US Dollar,1631299.78,US Dollar,Reinvestment,0
2022/09/01 00:22,1292,800213AD0,1292,800213AD0,326697.77,US Dollar,326697.77,US Dollar,Reinvestment,0
2022/09/01 00:21,1,8000EDEC0,211050,80AEF5310,383.71,US Dollar,383.71,US Dollar,Credit Card,0
2022/09/01 00:12,3290,8002C68D0,513,8002C6880,43322.6,US Dollar,43322.6,US Dollar,ACH,0
2022/09/01 00:27,12,800425A40,12,800425A40,17.48,US Dollar,17.48,US Dollar,Reinvestment,0
2022/09/01 00:08,1601,80034AD40,1601,80034AD40,26756.18,US Dollar,26756.18,US Dollar,Reinvestment,0
2022/09/01 00:01,220,8002BBBC0,1665,8003DAEE0,16842627.73,US Dollar,16842627.73,US Dollar,Cash,0
2022/09/01 00:23,1362,800306AA0,1362,800306AA0,14.23,US Dollar,14.23,US Dollar,Reinvestment,0
2022/09/01 00:18,10,800056660,10,800056660,726.94,US Dollar,726.94,US Dollar,Cash,0
2022/09/01 00:05,10,8003EBFF0,10,8003EBFF0,2613.67,US Dollar,2613.67,US Dollar,Reinvestment,0
2022/09/01 00:15,1292,8002BC4C0,1292,8002BC4C0,6836.5,US Dollar,6836.5,US Dollar,Reinvestment,0
2022/09/01 00:07,70,100428660,12,8001A8EB0,17459.98,US Dollar,17459.98,US Dollar,Credit Card,0
2022/09/01 00:21,10,800349840,10,800420F50,353.94,US Dollar,353.94,US Dollar,Cheque,0
2022/09/01 00:19,3727,8003F7C70,3727,8003F7C70,58782.88,US Dollar,58782.88,US Dollar,Reinvestment,0
2022/09/01 00:23,10,8001074F0,12,800145390,2055890.5,US Dollar,2055890.5,US Dollar,Wire,0
2022/09/01 00:03,1,80032EC20,1,80032EC20,17769917.51,US Dollar,17769917.51,US Dollar,Reinvestment,0
2022/09/01 00:13,1,8001E4FB0,1,8001E4FB0,9.06,US Dollar,9.06,US Dollar,Reinvestment,0
2022/09/01 00:20,3241,80033B7C0,1601,80033AD80,0.01,US Dollar,0.01,US Dollar,Cheque,0
2022/09/01 00:16,12,800220E60,12,800220E60,961017.77,US Dollar,961017.77,US Dollar,Reinvestment,0
2022/09/01 00:04,220,8001325C0,1588,8003C0700,2239.76,US Dollar,2239.76,US Dollar,Credit Card,0
2022/09/01 00:10,1588,800321F50,1588,800321F50,19.68,US Dollar,19.68,US Dollar,Reinvestment,0
2022/09/01 00:14,1,8001E6840,1,8001E6840,210872.37,US Dollar,210872.37,US Dollar,Reinvestment,0
2022/09/01 00:02,3488,8003D7110,3488,8003D7110,82.03,US Dollar,82.03,US Dollar,Reinvestment,0
2022/09/01 00:05,1,8002EC510,1,8002EC510,14943.04,US Dollar,14943.04,US Dollar,Reinvestment,0
2022/09/01 00:10,10,8001EB460,10,8001EB460,15.49,US Dollar,15.49,US Dollar,Reinvestment,0
2022/09/01 00:04,12,8001C8580,12,8001C8580,4712.93,US Dollar,4712.93,US Dollar,Reinvestment,0
2022/09/01 00:23,1,800418C20,1,800418C20,8945.03,US Dollar,8945.03,US Dollar,Reinvestment,0
2022/09/01 00:08,1420,8003C1000,128684,813539070,5.52,US Dollar,5.52,US Dollar,Credit Card,0
2022/09/01 00:11,1292,8002D6970,1292,8002D6970,20.2,US Dollar,20.2,US Dollar,Reinvestment,0
2022/09/01 00:14,1,8003011F0,1,8003011F0,235729.93,US Dollar,235729.93,US Dollar,Reinvestment,0
2022/09/01 00:05,70,100428660,1,800199240,24112.46,US Dollar,24112.46,US Dollar,Cheque,0
2022/09/01 00:12,12,800056E00,12,800056E00,139575.29,US Dollar,139575.29,US Dollar,Reinvestment,0
2022/09/01 00:01,1601,8003479D0,1601,8003479D0,13.84,US Dollar,13.84,US Dollar,Reinvestment,0
2022/09/01 00:10,10,80005ADE0,10,80005ADE0,16314.97,US Dollar,16314.97,US Dollar,Reinvestment,0
2022/09/01 00:35,70,100428738,210690,8044336A0,636532.29,Yen,636532.29,Yen,Cash,1
2022/09/01 00:20,12,800157DF0,12,800157DF0,6732.91,US Dollar,6732.91,US Dollar,Reinvestment,0
2022/09/01 00:14,1362,8002B89B0,1362,8002B89B0,479616.57,US Dollar,479616.57,US Dollar,Reinvestment,0
2022/09/01 00:21,10,80005B110,10,80021ADE0,15189.49,US Dollar,15189.49,US Dollar,Credit Card,0
2022/09/01 00:18,10,8001A5F50,10,8001AA0E0,396062961.0,US Dollar,396062961.0,US Dollar,ACH,0
2022/09/01 00:29,10,8003A8280,10,8003A8280,12031.65,US Dollar,12031.65,US Dollar,Reinvestment,0
2022/09/01 00:13,1588,8004051F0,218472,806D61160,109.35,US Dollar,109.35,US Dollar,Credit Card,0
2022/09/01 00:10,1,800160AA0,1,800160AA0,12.75,US Dollar,12.75,US Dollar,Reinvestment,0
2022/09/01 00:06,13327,8016BA470,2991,8016BBF90,25397.0,US Dollar,25397.0,US Dollar,ACH,0
2022/09/01 00:12,1,8001C9F20,1,8001C9F20,23.19,US Dollar,23.19,US Dollar,Reinvestment,0
2022/09/01 00:22,1,8000EBF70,12,8001473E0,7370.59,US Dollar,7370.59,US Dollar,Cash,0
2022/09/01 00:25,10,8000588D0,10,8000588D0,10.32,US Dollar,10.32,US Dollar,Reinvestment,0
2022/09/01 00:09,3542,80034E560,3542,80034E560,887.69,US Dollar,887.69,US Dollar,Reinvestment,0
2022/09/01 00:07,1467,80032E240,1588,80032E6E0,39236592.0,US Dollar,39236592.0,US Dollar,Cheque,0
2022/09/01 00:10,220,8001C6FD0,220,8001C6FD0,12.45,US Dollar,12.45,US Dollar,Reinvestment,0
2022/09/04 15:48,21174,800737690,11056,8007486D0,15224.53,Euro,15224.53,Euro,ACH,1
2022/09/01 00:11,1420,8003EBF50,1420,8003EBF50,6370.27,US Dollar,6370.27,US Dollar,Reinvestment,0
2022/09/01 14:28,10,8009CF210,11318,8011AB110,11964.97,US Dollar,11964.97,US Dollar,ACH,1
2022/09/01 00:27,1,800056160,10,80010BFC0,22443.26,US Dollar,22443.26,US Dollar,Cheque,0
2022/09/01 00:13,22828,8018A5CF0,22828,8018A5CF0,1445.91,US Dollar,1445.91,US Dollar,Reinvestment,0
2022/09/01 00:15,1,8001BDFF0,1,8001BDFF0,303.92,US Dollar,303.92,US Dollar,Reinvestment,0
2022/09/01 00:24,12,8003FB470,12,8003FB470,15.86,US Dollar,15.86,US Dollar,Reinvestment,0
2022/09/01 00:10,1,8002BC5B0,1,8002BC5B0,13.24,US Dollar,13.24,US Dollar,Reinvestment,0
2022/09/01 00:22,10,800113BF0,10,800113BF0,4475.23,US Dollar,4475.23,US Dollar,Reinvestment,0
2022/09/01 00:23,1,8001488C0,1,8001488C0,129628.74,US Dollar,129628.74,US Dollar,Reinvestment,0
2022/09/01 00:24,3601,800305990,3601,800305990,264.14,US Dollar,264.14,US Dollar,Reinvestment,0
2022/09/01 00:00,10,80022B180,10,80022B180,350954.69,US Dollar,350954.69,US Dollar,Reinvestment,0
2022/09/01 00:03,23885,8018A6110,23885,8018A6110,6.05,US Dollar,6.05,US Dollar,Reinvestment,0
2022/09/01 00:07,3278,800193930,3278,800193930,3640.25,US Dollar,3640.25,US Dollar,Reinvestment,0
2022/09/01 00:01,1,8002BAD30,1,8002BAD30,14.07,US Dollar,14.07,US Dollar,Reinvestment,0
2022/09/01 00:24,12,8003FB470,12,8003FB470,2632561.85,US Dollar,2632561.85,US Dollar,Reinvestment,0
2022/09/01 00:08,1,80041F1C0,1,80041F1C0,217073.33,US Dollar,217073.33,US Dollar,Reinvestment,0
2022/09/01 00:25,10,80014F470,10,80014F470,16.81,US Dollar,16.81,US Dollar,Reinvestment,0
2022/09/01 00:20,10,8000EBD30,10,8000EBD30,3697.34,US Dollar,3697.34,US Dollar,Reinvestment,0
2022/09/01 00:00,220,8001325C0,1588,8003C0700,62.76,US Dollar,62.76,US Dollar,ACH,0
2022/09/01 00:14,220,800102D10,220,800102D10,21.84,US Dollar,21.84,US Dollar,Reinvestment,0
2022/09/01 00:11,1292,8004191B0,1292,8004191B0,22.54,US Dollar,22.54,US Dollar,Reinvestment,0
2022/09/01 00:22,1,800058B80,1,800058B80,1028547.78,US Dollar,1028547.78,US Dollar,Reinvestment,0
2022/09/01 00:02,1467,8003C8270,1467,8003C8270,933.19,US Dollar,933.19,US Dollar,Reinvestment,0
2022/09/01 00:08,1588,8003486D0,1588,8003486D0,22.97,US Dollar,22.97,US Dollar,Reinvestment,0
2022/09/01 00:11,1601,8003EFE50,1601,8003EFE50,17.34,US Dollar,17.34,US Dollar,Reinvestment,0
2022/09/01 00:08,10,800118A80,10,800118A80,1956137.77,US Dollar,1956137.77,US Dollar,Reinvestment,0
2022/09/01 00:11,1,80026BBD0,1,80026BBD0,15220.46,US Dollar,15220.46,US Dollar,Reinvestment,0
2022/09/01 00:19,1,800153380,1,800153380,4050.75,US Dollar,4050.75,US Dollar,Reinvestment,0
2022/09/01 00:18,1,80033D910,1,80033D910,209.42,US Dollar,209.42,US Dollar,Reinvestment,0
2022/09/01 00:16,3211,800174530,3211,800174530,3735.59,US Dollar,3735.59,US Dollar,Reinvestment,0
2022/09/01 00:10,1362,8001D13B0,1362,8001D13B0,396751.91,US Dollar,396751.91,US Dollar,Reinvestment,0
2022/09/01 00:16,513,8003A6170,513,8003A6170,427462.99,US Dollar,427462.99,US Dollar,Reinvestment,0
2022/09/01 00:07,1,80016FE30,1,80016FE30,20.56,US Dollar,20.56,US Dollar,Reinvestment,0
2022/09/01 00:14,1292,80021D1C0,1292,80021D1C0,61068.72,US Dollar,61068.72,US Dollar,Reinvestment,0
2022/09/01 00:00,1362,80034C6F0,1362,80034C6F0,324859.13,US Dollar,324859.13,US Dollar,Reinvestment,0
2022/09/01 00:09,1,80012FE50,1,80012FE50,3944232.29,US Dollar,3944232.29,US Dollar,Reinvestment,0
2022/09/01 00:16,1,8001FF620,1,8001FF620,8.09,US Dollar,8.09,US Dollar,Reinvestment,0
2022/09/01 00:14,1292,8004191B0,1665,80041D420,25334433.0,US Dollar,25334433.0,US Dollar,Cheque,0
2022/09/01 00:25,12,8001EB550,12,8001EB550,7.87,US Dollar,7.87,US Dollar,Reinvestment,0
2022/09/01 00:12,3555,8003317F0,3555,8003317F0,1495.37,US Dollar,1495.37,US Dollar,Reinvestment,0
2022/09/01 00:03,3399,800261D70,1362,800261150,6937.66,US Dollar,6937.66,US Dollar,ACH,0
2022/09/01 00:06,220,800109DF0,125906,80C2598A0,51.68,US Dollar,51.68,US Dollar,Credit Card,0
2022/09/01 00:10,220,8001949F0,220,8001949F0,274733.9,US Dollar,274733.9,US Dollar,Reinvestment,0
2022/09/01 00:13,220,800147790,220,800147790,1132.34,US Dollar,1132.34,US Dollar,Reinvestment,0
2022/09/01 00:04,1588,80038BA70,1588,80038BA70,12962.12,US Dollar,12962.12,US Dollar,Reinvestment,0
2022/09/01 00:23,1,800263050,4866,805209300,82.72,US Dollar,82.72,US Dollar,Credit Card,0
2022/09/01 00:25,1,80018F640,1,80018F640,6.59,US Dollar,6.59,US Dollar,Reinvestment,0
2022/09/01 00:04,10,80019A730,10,80019A730,41358.12,US Dollar,41358.12,US Dollar,Reinvestment,0
2022/09/01 00:13,1601,800409060,1601,800409060,22.91,US Dollar,22.91,US Dollar,Reinvestment,0
2022/09/01 00:27,1292,80030B610,1292,80030B610,44686.06,US Dollar,44686.06,US Dollar,Reinvestment,0
2022/09/01 15:32,2843,8043B07C0,241869,80F390FC0,7999.49,Swiss Franc,7999.49,Swiss Franc,ACH,1
2022/09/01 00:07,1,800413CD0,1,800413CD0,5.04,US Dollar,5.04,US Dollar,Reinvestment,0
2022/09/03 10:20,24856,8090E8EB0,71,804ABCE90,637140.6,Rupee,637140.6,Rupee,ACH,1
2022/09/01 00:27,1362,8001EDB30,113744,808C99840,12.58,US Dollar,12.58,US Dollar,Credit Card,0
2022/09/01 00:06,1420,80026D530,1420,80026D530,13.78,US Dollar,13.78,US Dollar,Reinvestment,0
2022/09/01 00:26,1420,8003223B0,1420,8003A9EB0,10532.99,US Dollar,10532.99,US Dollar,Credit Card,0
2022/09/01 00:04,10,800113F90,10,8001294B0,72229.49,US Dollar,72229.49,US Dollar,Cheque,0
2022/09/01 00:16,1,8012275D0,1,8012275D0,4.62,US Dollar,4.62,US Dollar,Reinvestment,0
2022/09/01 00:22,12,800054B70,12,800054B70,10.44,US Dollar,10.44,US Dollar,Reinvestment,0
2022/09/01 00:21,1292,8002555E0,1292,8002555E0,29399.31,US Dollar,29399.31,US Dollar,Reinvestment,0
2022/09/01 00:19,10,800342610,10,800342610,58.04,US Dollar,58.04,US Dollar,Reinvestment,0
2022/09/01 00:10,1292,8004285A0,1292,8004285A0,20.57,US Dollar,20.57,US Dollar,Reinvestment,0
2022/09/01 00:21,1,8001409E0,10,80014D160,24511.74,US Dollar,24511.74,US Dollar,Cheque,0
2022/09/01 00:11,12,8001E0160,1420,8003BA850,21829.64,US Dollar,21829.64,US Dollar,Credit Card,0
2022/09/01 00:23,1,800428290,1,800428290,30033.06,US Dollar,30033.06,US Dollar,Reinvestment,0
2022/09/01 00:08,1588,800425D10,1588,800425D10,17.96,US Dollar,17.96,US Dollar,Reinvestment,0
2022/09/01 00:07,3314,800187490,3314,800187490,3701.58,US Dollar,3701.58,US Dollar,Reinvestment,0
2022/09/01 00:09,1,80014FAA0,1,80014FAA0,5231.67,US Dollar,5231.67,US Dollar,Reinvestment,0
2022/09/01 00:29,1362,80034DF70,1292,800393D40,85342.0,US Dollar,85342.0,US Dollar,Cheque,0
2022/09/01 00:11,1,800057D40,1,800057D40,5.5,US Dollar,5.5,US Dollar,Reinvestment,0
2022/09/01 00:13,701,80041B400,701,80041B400,5779.22,US Dollar,5779.22,US Dollar,Reinvestment,0
2022/09/01 00:28,3206,80034AF20,3206,80034AF20,21493.8,US Dollar,21493.8,US Dollar,Reinvestment,0
2022/09/01 00:25,10,80019DDB0,10,80019DDB0,216758.5,US Dollar,216758.5,US Dollar,Reinvestment,0
2022/09/01 00:22,10,8003470E0,10,8003470E0,5.77,US Dollar,5.77,US Dollar,Reinvestment,0
2022/09/01 00:01,3486,80032AEE0,3486,80032AEE0,1704.19,US Dollar,1704.19,US Dollar,Reinvestment,0
2022/09/02 07:21,21749,8014BDC90,214050,80537F610,317448.19,Rupee,317448.19,Rupee,ACH,1
2022/09/01 00:02,3246,800110820,3246,800110820,17871.79,US Dollar,17871.79,US Dollar,Reinvestment,0
2022/09/01 00:00,3633,8003D8690,3633,8003D8690,9799.03,US Dollar,9799.03,US Dollar,Reinvestment,0
2022/09/01 16:51,2591,80A1C7710,24850,80A09CF50,3724.19,Euro,3724.19,Euro,ACH,1
2022/09/01 00:01,1,8012275D0,1047,800416A40,2782.0,US Dollar,2782.0,US Dollar,ACH,0
2022/09/01 00:22,1362,80030A870,11,80064C9B0,52.11,Euro,52.11,Euro,Credit Card,0
2022/09/01 00:11,10,8002670F0,1665,8003B23D0,8266.64,US Dollar,8266.64,US Dollar,Cheque,0
2022/09/01 00:13,1420,80038DF80,1588,8006E9720,39.26,US Dollar,39.26,US Dollar,Credit Card,0
2022/09/01 00:16,1467,8003B6170,1467,8003B6170,446174.78,US Dollar,446174.78,US Dollar,Reinvestment,0
2022/09/01 00:28,1,80018A9F0,1,80018A9F0,9505.79,US Dollar,9505.79,US Dollar,Reinvestment,0
2022/09/01 00:11,10,800059840,1,800115570,199.59,US Dollar,199.59,US Dollar,Cheque,0
2022/09/01 00:59,70,1004286A8,112354,8072445F0,20.24,Euro,20.24,Euro,Credit Card,1
2022/09/01 00:20,12,8003DB840,12,8003DB840,4407.61,US Dollar,4407.61,US Dollar,Reinvestment,0
2022/09/01 00:11,1467,8003F3880,1467,8003F3880,1355.68,US Dollar,1355.68,US Dollar,Reinvestment,0
2022/09/01 00:06,10,80014BB10,10,80014BB10,2352.0,US Dollar,2352.0,US Dollar,Reinvestment,0
2022/09/01 00:23,12,80018EE40,10,800194520,10238.85,US Dollar,10238.85,US Dollar,Cheque,0
2022/09/01 07:15,1588,801ABC430,241869,80F390FC0,10475.35,Swiss Franc,10475.35,Swiss Franc,ACH,1
2022/09/01 00:25,1467,8004150B0,1467,8004150B0,13.92,US Dollar,13.92,US Dollar,Reinvestment,0
2022/09/01 00:22,10,80038C610,10,80038C610,739720.79,US Dollar,739720.79,US Dollar,Reinvestment,0
2022/09/01 00:27,3210,8001E3560,3210,8001E3560,197.72,US Dollar,197.72,US Dollar,Reinvestment,0
2022/09/01 00:24,10,800416050,10,800416050,20.84,US Dollar,20.84,US Dollar,Reinvestment,0
2022/09/01 00:22,10,80018E990,10,8002C7A50,9392.32,US Dollar,9392.32,US Dollar,Credit Card,0
2022/09/01 00:28,220,800332220,220,800332220,23.91,US Dollar,23.91,US Dollar,Reinvestment,0
2022/09/01 00:05,10,80024C8C0,10,80024C8C0,11.95,US Dollar,11.95,US Dollar,Reinvestment,0
2022/09/02 08:44,240229,80F025640,217,80FD27570,26443.7,Shekel,26443.7,Shekel,ACH,1
2022/09/01 00:08,12,80028D320,1,80028D3C0,86065798.0,US Dollar,86065798.0,US Dollar,ACH,0
2022/09/01 00:09,70,100428660,220,8003B9190,6845.56,US Dollar,6845.56,US Dollar,Cheque,0
2022/09/01 00:29,1420,800301DD0,1420,800301DD0,3662.19,US Dollar,3662.19,US Dollar,Reinvestment,0
2022/09/01 00:29,70,100428660,1362,8002589A0,26136.82,US Dollar,26136.82,US Dollar,Credit Card,0
2022/09/01 00:28,1362,80028AAE0,1362,80028AAE0,10.24,US Dollar,10.24,US Dollar,Reinvestment,0
2022/09/01 00:21,10,800111330,10,800111330,7.49,US Dollar,7.49,US Dollar,Reinvestment,0
2022/09/01 00:07,1665,8003A7970,1665,8003A7970,12.15,US Dollar,12.15,US Dollar,Reinvestment,0
2022/09/01 00:15,1,80005C0A1,1588,8003AC471,0.016891,Bitcoin,0.016891,Bitcoin,Bitcoin,0
2022/09/01 00:15,1,8003F8CA0,1,8003F8CA0,14.23,US Dollar,14.23,US Dollar,Reinvestment,0
2022/09/01 00:15,12,80022B750,513,8003AD240,1058.69,US Dollar,1058.69,US Dollar,Cash,0
2022/09/01 00:49,143508,8127331A0,250508,8127332E0,4913.3,US Dollar,4913.3,US Dollar,ACH,1
2022/09/01 00:19,1292,8003CDEC0,1292,8003CDEC0,807899.48,US Dollar,807899.48,US Dollar,Reinvestment,0
2022/09/01 00:27,3051,80152BF60,3051,80152BF60,11.77,US Dollar,11.77,US Dollar,Reinvestment,0
2022/09/01 00:08,220,800111750,220,800111750,1372.15,US Dollar,1372.15,US Dollar,Reinvestment,0
2022/09/01 00:12,1420,80025CD30,1420,80025CD30,14956.62,US Dollar,14956.62,US Dollar,Reinvestment,0
2022/09/01 00:15,10,800187110,27637,80EC70230,110.71,US Dollar,110.71,US Dollar,Credit Card,0
2022/09/01 00:21,1601,800417F20,1601,800417F20,18.7,US Dollar,18.7,US Dollar,Reinvestment,0
2022/09/01 00:13,220,800172FC0,220,800172FC0,404156.88,US Dollar,404156.88,US Dollar,Reinvestment,0
2022/09/01 00:08,1467,8003B9CE0,1467,8003B9CE0,425.15,US Dollar,425.15,US Dollar,Reinvestment,0
2022/09/01 00:23,1362,8001DC410,1362,8001DC410,16.39,US Dollar,16.39,US Dollar,Reinvestment,0
2022/09/01 00:13,10,8001523C0,10,8001523C0,68408.35,US Dollar,68408.35,US Dollar,Reinvestment,0
2022/09/01 00:06,12,80018EE40,10,800194520,14531.35,US Dollar,14531.35,US Dollar,Credit Card,0
2022/09/01 00:00,12,800106D00,1588,800325CC0,24549899.66,US Dollar,24549899.66,US Dollar,Cash,0
2022/09/01 00:14,1292,800162950,1292,800162950,196200.95,US Dollar,196200.95,US Dollar,Reinvestment,0
2022/09/01 00:06,10,800126770,10,800126770,187.64,US Dollar,187.64,US Dollar,Reinvestment,0
2022/09/01 00:28,12,8001F60D0,1588,8003E2690,109759.59,US Dollar,109759.59,US Dollar,Wire,0
2022/09/01 00:05,1,800131650,1,800131650,349944.06,US Dollar,349944.06,US Dollar,Reinvestment,0
2022/09/01 00:19,21258,801885EB0,21258,801885EB0,278.34,US Dollar,278.34,US Dollar,Reinvestment,0
2022/09/01 00:27,10,8002BA510,10,8002BA510,17614.7,US Dollar,17614.7,US Dollar,Reinvestment,0
2022/09/01 00:11,10,8001E8240,1601,8003EB980,25837.39,US Dollar,25837.39,US Dollar,Credit Card,0
2022/09/01 00:13,3641,80038CE40,3641,80038CE40,2886.38,US Dollar,2886.38,US Dollar,Reinvestment,0
2022/09/01 00:08,1,800111C30,1,800111C30,10.95,US Dollar,10.95,US Dollar,Reinvestment,0
2022/09/01 00:28,1,80040DE00,1,80040DE00,1024966.25,US Dollar,1024966.25,US Dollar,Reinvestment,0
2022/09/01 00:04,3370,80020AAF0,10,80020A6E0,542.33,US Dollar,542.33,US Dollar,ACH,0
2022/09/01 00:04,12,800172410,12,800172410,108030.48,US Dollar,108030.48,US Dollar,Reinvestment,0
2022/09/01 00:14,10,8001CF7B0,1601,800347980,14663.44,US Dollar,14663.44,US Dollar,Cheque,0
2022/09/01 00:22,1,800128AC0,1,800128AC0,22.9,US Dollar,22.9,US Dollar,Reinvestment,0
2022/09/01 00:24,3209,80041DD50,3209,80041DD50,4934.78,US Dollar,4934.78,US Dollar,Reinvestment,0
2022/09/01 00:04,10,800388AB0,10,800388AB0,3.01,US Dollar,3.01,US Dollar,Reinvestment,0
2022/09/01 00:23,220,800259710,220,800259710,16.51,US Dollar,16.51,US Dollar,Reinvestment,0
2022/09/01 00:23,220,8016BC820,220,8016BC820,489.99,US Dollar,489.99,US Dollar,Reinvestment,0
2022/09/01 00:25,3264,800147C80,3264,800147C80,3818.77,US Dollar,3818.77,US Dollar,Reinvestment,0
2022/09/01 00:11,12,800229520,1,80038BEA0,16717.25,US Dollar,16717.25,US Dollar,Credit Card,0
2022/09/01 00:24,1588,8003B64F0,1588,8003B64F0,185296.36,US Dollar,185296.36,US Dollar,Reinvestment,0
2022/09/01 00:02,1665,8005E18F0,1665,8005E18F0,9.89,US Dollar,9.89,US Dollar,Reinvestment,0
2022/09/01 00:04,1,80018BE30,1,80018BE30,15.9,US Dollar,15.9,US Dollar,Reinvestment,0
2022/09/01 00:25,3718,8003E4720,3718,8003E4720,4375.94,US Dollar,4375.94,US Dollar,Reinvestment,0
2022/09/01 00:24,1292,8003E6C90,1292,8003E6C90,24.95,US Dollar,24.95,US Dollar,Reinvestment,0
2022/09/01 00:04,1467,80033C660,1467,80033C660,12.83,US Dollar,12.83,US Dollar,Reinvestment,0
2022/09/01 00:11,220,8002CDF40,218472,811109D10,43.49,US Dollar,43.49,US Dollar,Credit Card,0
2022/09/01 00:16,1,800149350,1,800149350,11074.99,US Dollar,11074.99,US Dollar,Reinvestment,0
2022/09/01 00:22,220,80011D000,220,80011D000,4.76,US Dollar,4.76,US Dollar,Reinvestment,0
2022/09/01 00:03,1,8001C6920,10,8001E8240,3814.25,US Dollar,3814.25,US Dollar,Cheque,0
2022/09/01 00:10,908,8018867C0,222363,80D454CA0,2.22,US Dollar,2.22,US Dollar,Credit Card,0
2022/09/01 00:05,1,80019F050,1,80019F050,10596.38,US Dollar,10596.38,US Dollar,Reinvestment,0
2022/09/01 00:21,3278,800141010,3278,800141010,1440.76,US Dollar,1440.76,US Dollar,Reinvestment,0
2022/09/01 00:01,1,800325FD0,1674,8003DA460,27794.58,US Dollar,27794.58,US Dollar,ACH,0
2022/09/01 00:25,12,8001193D0,12,8001193D0,215823.43,US Dollar,215823.43,US Dollar,Reinvestment,0
2022/09/01 00:15,1,8002EC7F0,1,8002EC7F0,4.01,US Dollar,4.01,US Dollar,Reinvestment,0
2022/09/01 00:06,10,80005D160,10,80005D160,894762.11,US Dollar,894762.11,US Dollar,Reinvestment,0
2022/09/01 00:03,513,8003A6170,513,8003A6170,5.76,US Dollar,5.76,US Dollar,Reinvestment,0
2022/09/01 00:11,1688,8003F3C80,1688,8003F3C80,18.97,US Dollar,18.97,US Dollar,Reinvestment,0
2022/09/02 07:37,115700,80B3E96E0,14099,801F8CCB0,17684.19,US Dollar,17684.19,US Dollar,ACH,1
2022/09/01 00:09,1588,8003E2690,1588,8003E2690,7.43,US Dollar,7.43,US Dollar,Reinvestment,0
2022/09/01 00:10,1665,8003B23D0,1665,8003B23D0,808210.28,US Dollar,808210.28,US Dollar,Reinvestment,0
2022/09/01 00:24,1588,8003AC470,1588,8003AC470,598294.55,US Dollar,598294.55,US Dollar,Reinvestment,0
2022/09/01 00:14,10,800147830,10,800147830,43539.08,US Dollar,43539.08,US Dollar,Reinvestment,0
2022/09/01 00:17,10,8001E8240,1601,8003EB980,5554.09,US Dollar,5554.09,US Dollar,Wire,0
2022/09/01 00:01,1665,800413D70,130342,811CE0260,6.42,US Dollar,6.42,US Dollar,Credit Card,0
2022/09/01 00:07,513,800391A30,513,800391A30,143072.05,US Dollar,143072.05,US Dollar,Reinvestment,0
2022/09/01 00:05,1467,800348940,1467,800348940,41064.45,US Dollar,41064.45,US Dollar,Reinvestment,0
2022/09/01 00:06,3296,8001E7680,3296,8001E7680,1986.1,US Dollar,1986.1,US Dollar,Reinvestment,0
2022/09/01 00:19,1,800149630,1,800149630,3.52,US Dollar,3.52,US Dollar,Reinvestment,0
2022/09/01 00:15,1665,8003C8000,1665,8003C8000,9918.01,US Dollar,9918.01,US Dollar,Reinvestment,0
2022/09/01 00:06,3399,800328710,3399,800328710,191.95,US Dollar,191.95,US Dollar,Reinvestment,0
2022/09/01 00:03,1362,8001DCDF0,1362,8001DCDF0,1096868.38,US Dollar,1096868.38,US Dollar,Reinvestment,0
2022/09/01 00:14,10,80010DA60,10,80010DA60,23.2,US Dollar,23.2,US Dollar,Reinvestment,0
2022/09/01 00:20,1420,80038B700,1420,80038B700,24.99,US Dollar,24.99,US Dollar,Reinvestment,0
2022/09/01 00:12,12,8001894E0,12,8001894E0,68.62,US Dollar,68.62,US Dollar,Reinvestment,0
2022/09/01 00:08,1601,8003A1D30,1601,8003A1D30,24015.69,US Dollar,24015.69,US Dollar,Reinvestment,0
2022/09/01 00:27,1665,8003F0180,1665,8003F0180,13.67,US Dollar,13.67,US Dollar,Reinvestment,0
2022/09/01 00:04,220,8003C0EC0,36208,812FA5A40,8.22,US Dollar,8.22,US Dollar,Credit Card,0
2022/09/01 00:19,10,800102DD0,1,8001580D0,28183.98,US Dollar,28183.98,US Dollar,Cheque,0
2022/09/01 00:20,12,800137450,12,8001CF680,14271.35,US Dollar,14271.35,US Dollar,Credit Card,0
2022/09/01 00:15,10,80016D280,10,80016D280,104408.8,US Dollar,104408.8,US Dollar,Reinvestment,0
2022/09/01 00:20,1,80005E740,1362,800256180,83065.84,US Dollar,83065.84,US Dollar,Cheque,0
2022/09/01 00:05,12,800308AB0,12,800308AB0,9.09,US Dollar,9.09,US Dollar,Reinvestment,0
2022/09/01 00:08,3247,8003E4230,3247,8003E4230,10132.08,US Dollar,10132.08,US Dollar,Reinvestment,0
2022/09/01 00:03,1,8000F7850,1,8000F7850,8.55,US Dollar,8.55,US Dollar,Reinvestment,0
2022/09/01 00:11,10,80016DA30,10,80016DA30,20.93,US Dollar,20.93,US Dollar,Reinvestment,0
2022/09/01 00:12,1,80005E740,1362,800256180,24486.26,US Dollar,24486.26,US Dollar,ACH,0
2022/09/01 00:19,10,80005D980,10,80005D980,93309.02,US Dollar,93309.02,US Dollar,Reinvestment,0
2022/09/01 00:11,1,8000EDBB0,1,8001F2F50,6810.65,US Dollar,6810.65,US Dollar,Credit Card,0
2022/09/01 00:23,10,8001A5F50,1,8001A6A40,27632395.0,US Dollar,27632395.0,US Dollar,Cheque,0
2022/09/01 00:00,1,8001495E0,1,8001495E0,19227.79,US Dollar,19227.79,US Dollar,Reinvestment,0
2022/09/01 00:01,1,80028B010,1,80028B010,9.44,US Dollar,9.44,US Dollar,Reinvestment,0
2022/09/01 00:06,1467,800426300,1467,800426300,52873.03,US Dollar,52873.03,US Dollar,Reinvestment,0
2022/09/01 00:27,1,800128AC0,10,80012AB70,1117.4,US Dollar,1117.4,US Dollar,Wire,0
2022/09/01 00:02,10,800268660,10,800268660,13187.85,US Dollar,13187.85,US Dollar,Reinvestment,0
2022/09/01 00:27,1292,800305DA0,1292,800305DA0,13.97,US Dollar,13.97,US Dollar,Reinvestment,0
2022/09/01 00:20,1,800196730,1,800196730,6.84,US Dollar,6.84,US Dollar,Reinvestment,0
2022/09/01 00:11,1,8001CFD80,1,8001CFD80,16122.37,US Dollar,16122.37,US Dollar,Reinvestment,0
2022/09/01 00:08,10,8001523C0,10,8003EDD40,8274.51,US Dollar,8274.51,US Dollar,Cash,0
2022/09/01 00:20,1362,80024FAA0,1362,80024FAA0,640553.45,US Dollar,640553.45,US Dollar,Reinvestment,0
2022/09/01 08:40,214,80B7347A0,410,802D878C0,6702.62,Euro,6702.62,Euro,ACH,1
2022/09/01 00:24,220,800389D70,220,800389D70,19.17,US Dollar,19.17,US Dollar,Reinvestment,0
2022/09/01 00:27,1,8000F6B10,1,8000F6B10,1033.32,US Dollar,1033.32,US Dollar,Reinvestment,0
2022/09/01 00:57,133686,80C734F80,133471,80C7351B0,37389.78,Mexican Peso,37389.78,Mexican Peso,ACH,1
2022/09/01 00:11,1362,8019FB070,1362,8019FB070,3.89,US Dollar,3.89,US Dollar,Reinvestment,0
2022/09/01 00:06,1420,8003F1520,10,8003F1570,160872240.0,US Dollar,160872240.0,US Dollar,Cheque,0
2022/09/01 00:07,10,80019CAD0,10,80019CAD0,19485.93,US Dollar,19485.93,US Dollar,Reinvestment,0
2022/09/01 00:26,10,80011BC60,10,80011BC60,257163.87,US Dollar,257163.87,US Dollar,Reinvestment,0
2022/09/01 00:20,1,80033E1F0,1,80033E1F0,1751.02,US Dollar,1751.02,US Dollar,Reinvestment,0
2022/09/01 00:21,1,80018BE30,1,80018BE30,1980.19,US Dollar,1980.19,US Dollar,Reinvestment,0
2022/09/01 00:08,513,80034B400,513,80034B400,24.62,US Dollar,24.62,US Dollar,Reinvestment,0
2022/09/01 00:23,1601,8003E4AD0,1601,8003E4AD0,19.28,US Dollar,19.28,US Dollar,Reinvestment,0
2022/09/01 00:26,1292,8003307C0,1292,8003307C0,10.01,US Dollar,10.01,US Dollar,Reinvestment,0
2022/09/01 00:06,10,8002B9030,10,8002B9030,5.39,US Dollar,5.39,US Dollar,Reinvestment,0
2022/09/01 00:25,1362,800262A10,1362,800262A10,9.8,US Dollar,9.8,US Dollar,Reinvestment,0
2022/09/01 00:03,1,800335550,1,800335550,5358.9,US Dollar,5358.9,US Dollar,Reinvestment,0
2022/09/01 00:18,3241,80014B200,220,80014BCF0,0.01,US Dollar,0.01,US Dollar,Cheque,0
2022/09/01 00:14,1601,8003AB120,1601,8003AB120,267275.56,US Dollar,267275.56,US Dollar,Reinvestment,0
2022/09/01 00:20,10,800324A00,10,800324A00,5.0,US Dollar,5.0,US Dollar,Reinvestment,0
2022/09/01 00:20,3290,80018A9A0,3290,80018A9A0,31988.33,US Dollar,31988.33,US Dollar,Reinvestment,0
2022/09/01 00:16,12,800268C40,1588,800425D10,4973.89,US Dollar,4973.89,US Dollar,Cheque,0
2022/09/01 00:21,701,80040CA80,701,80040CA80,18559.11,US Dollar,18559.11,US Dollar,Reinvestment,0
2022/09/01 00:05,220,8002BA6F0,220,8002BA6F0,24.72,US Dollar,24.72,US Dollar,Reinvestment,0
2022/09/01 00:12,12,80025BBB0,12,80025BBB0,433824.59,US Dollar,433824.59,US Dollar,Reinvestment,0
2022/09/01 00:28,1,80005C050,220,80013E150,3256.52,US Dollar,3256.52,US Dollar,Credit Card,0
2022/09/01 00:17,1,8003917A0,1,8003917A0,6.72,US Dollar,6.72,US Dollar,Reinvestment,0
2022/09/01 00:18,12,800150F20,12,800150F20,374631.74,US Dollar,374631.74,US Dollar,Reinvestment,0
2022/09/01 00:24,11904,801885E60,11904,801885E60,3.2,US Dollar,3.2,US Dollar,Reinvestment,0
2022/09/01 00:16,1588,800337490,1588,800337490,283962.76,US Dollar,283962.76,US Dollar,Reinvestment,0
2022/09/01 00:18,1,800189670,1,800189670,46445.36,US Dollar,46445.36,US Dollar,Reinvestment,0
2022/09/01 00:17,1467,800328620,1467,800328620,21.4,US Dollar,21.4,US Dollar,Reinvestment,0
2022/09/01 00:15,10,800191D70,10,800191D70,27926.59,US Dollar,27926.59,US Dollar,Reinvestment,0
2022/09/01 00:16,70,100428660,12,80025BBB0,337718.52,US Dollar,337718.52,US Dollar,Cheque,0
2022/09/01 00:09,1588,80038BA70,1588,80038BA70,19.73,US Dollar,19.73,US Dollar,Reinvestment,0
2022/09/01 00:28,12,8001C64C0,12,8001C64C0,812645.66,US Dollar,812645.66,US Dollar,Reinvestment,0
2022/09/01 00:20,10,80030B8F0,10,80030B8F0,187318.96,US Dollar,187318.96,US Dollar,Reinvestment,0
2022/09/01 00:28,11296,800AC8E80,11296,800AC8E80,7.64,US Dollar,7.64,US Dollar,Reinvestment,0
2022/09/01 00:15,220,800341D30,220,800341D30,8.67,US Dollar,8.67,US Dollar,Reinvestment,0
2022/09/01 00:01,70,100428660,15980,80B39E7B0,792.92,US Dollar,792.92,US Dollar,Credit Card,1
2022/09/01 00:13,10,8002FE410,10,8002FE410,6.8,US Dollar,6.8,US Dollar,Reinvestment,0
2022/09/01 00:29,1420,8003E3C00,1420,800404E00,3542.6,US Dollar,3542.6,US Dollar,Credit Card,0
2022/09/01 00:08,1,8003BAD20,1,8003BAD20,12.74,US Dollar,12.74,US Dollar,Reinvestment,0
2022/09/01 00:27,10,80010B900,10,80011DA80,2091.36,US Dollar,2091.36,US Dollar,Credit Card,0
2022/09/01 00:27,1,8003EC980,1,8003EC980,2641.04,US Dollar,2641.04,US Dollar,Reinvestment,0
2022/09/01 00:13,10,80005CB50,1362,8003A2200,12335.22,US Dollar,12335.22,US Dollar,Cash,0
2022/09/01 00:03,10,8001490D0,10,8001490D0,5348.81,US Dollar,5348.81,US Dollar,Reinvestment,0
2022/09/01 00:01,1,8000F8620,1,8000F8620,1383.6,US Dollar,1383.6,US Dollar,Reinvestment,0
2022/09/01 00:22,220,800135370,220,800135370,3.65,US Dollar,3.65,US Dollar,Reinvestment,0
2022/09/01 00:09,10,8001CE580,10,8001CE580,1639490.07,US Dollar,1639490.07,US Dollar,Reinvestment,0
2022/09/01 00:29,1467,800264DC0,1467,800264DC0,109145.06,US Dollar,109145.06,US Dollar,Reinvestment,0
2022/09/01 00:11,10,8001523C0,10,8001523C0,3.64,US Dollar,3.64,US Dollar,Reinvestment,0
2022/09/01 00:13,10,800102DD0,28255,809AEB890,46.87,US Dollar,46.87,US Dollar,Credit Card,0
2022/09/01 00:29,11904,801885E60,11904,801885E60,64631.85,US Dollar,64631.85,US Dollar,Reinvestment,0
2022/09/01 00:18,12,80024EBB0,12,80024EBB0,366496.76,US Dollar,366496.76,US Dollar,Reinvestment,0
2022/09/01 00:17,1,8000EBF70,1,8000EBF70,30022.76,US Dollar,30022.76,US Dollar,Reinvestment,0
2022/09/01 00:17,12,80022B750,12,80022B750,18.59,US Dollar,18.59,US Dollar,Reinvestment,0
2022/09/01 00:13,1,8001547E0,1,8001547E0,11720047.52,US Dollar,11720047.52,US Dollar,Reinvestment,0
2022/09/01 00:17,1292,800190540,1292,800190540,14486.31,US Dollar,14486.31,US Dollar,Reinvestment,0
2022/09/01 00:25,1,8001F2F50,1,8001F2F50,1474642.1,US Dollar,1474642.1,US Dollar,Reinvestment,0
2022/09/01 00:14,1,80030A730,1362,80030A870,35291772.0,US Dollar,35291772.0,US Dollar,Cheque,0
2022/09/01 00:29,3679,8003C8360,3679,8003C8360,2755.11,US Dollar,2755.11,US Dollar,Reinvestment,0
2022/09/01 00:15,220,80014A8C0,220,80014A8C0,6145.15,US Dollar,6145.15,US Dollar,Reinvestment,0
2022/09/01 00:13,70,100428660,12,8001A8EB0,287486.82,US Dollar,287486.82,US Dollar,Cash,0
2022/09/01 00:27,12,8001473E0,12,8001473E0,20.31,US Dollar,20.31,US Dollar,Reinvestment,0
2022/09/01 00:08,10,800105D30,10,800105D30,1021418.64,US Dollar,1021418.64,US Dollar,Reinvestment,0
2022/09/01 00:08,1467,80034E470,1467,80034E470,104178.41,US Dollar,104178.41,US Dollar,Reinvestment,0
2022/09/01 00:08,3472,8003F3420,3472,8003F3420,863.21,US Dollar,863.21,US Dollar,Reinvestment,0
2022/09/01 00:27,1,80032A660,1,80032A660,5502.41,US Dollar,5502.41,US Dollar,Reinvestment,0
2022/09/01 00:23,1,8000EDBB0,1,8000EDBB0,30261.56,US Dollar,30261.56,US Dollar,Reinvestment,0
2022/09/01 00:07,1,8000EBF70,12,8001473E0,2781.93,US Dollar,2781.93,US Dollar,Cheque,0
2022/09/01 00:02,10,800349840,10,800349840,76443.04,US Dollar,76443.04,US Dollar,Reinvestment,0
2022/09/01 00:05,1292,8003307C0,1292,8003307C0,20966.44,US Dollar,20966.44,US Dollar,Reinvestment,0
2022/09/01 00:01,1,8001C9040,1,8001C9040,162224.0,US Dollar,162224.0,US Dollar,Reinvestment,0
2022/09/01 00:01,12,800113FE0,12,800113FE0,16.23,US Dollar,16.23,US Dollar,Reinvestment,0
2022/09/01 00:22,1,8001CD660,1,8001CD660,112145.67,US Dollar,112145.67,US Dollar,Reinvestment,0
2022/09/01 00:00,1,8001364A0,1,8001364A0,10.3,US Dollar,10.3,US Dollar,Reinvestment,0
2022/09/01 00:20,1,80005C0A0,1588,8003AC470,12416.63,US Dollar,12416.63,US Dollar,Credit Card,0
2022/09/01 00:24,10,80014B530,10,80014B530,11.68,US Dollar,11.68,US Dollar,Reinvestment,0
2022/09/01 00:11,12,800406170,12,800406170,12.27,US Dollar,12.27,US Dollar,Reinvestment,0
2022/09/01 00:18,10,800164250,10,800164250,7.13,US Dollar,7.13,US Dollar,Reinvestment,0
2022/09/01 00:24,10,8001DA8D0,10,8001DA8D0,2258.59,US Dollar,2258.59,US Dollar,Reinvestment,0
2022/09/01 00:05,1292,8001DD3D0,1292,8001DD3D0,2464.3,US Dollar,2464.3,US Dollar,Reinvestment,0
2022/09/01 00:27,12,8003412B0,12,8003412B0,15346.39,US Dollar,15346.39,US Dollar,Reinvestment,0
2022/09/01 00:24,10,8001074F0,12,800145390,10941283.39,US Dollar,10941283.39,US Dollar,Cheque,0
2022/09/01 00:25,220,8003B9190,220,8003B9190,27060.45,US Dollar,27060.45,US Dollar,Reinvestment,0
2022/09/01 00:07,1,8001A6A40,9482,80FEA8C70,165.1,US Dollar,165.1,US Dollar,Credit Card,0
2022/09/01 00:00,1674,8003E2AB0,1674,8003E2AB0,20.36,US Dollar,20.36,US Dollar,Reinvestment,0
2022/09/01 00:23,12,800174E40,12,800174E40,16.49,US Dollar,16.49,US Dollar,Reinvestment,0
2022/09/01 00:13,10,80024C8C0,10,80024C8C0,192339.42,US Dollar,192339.42,US Dollar,Reinvestment,0
2022/09/01 00:02,12,800303130,513,80034B400,22901.02,US Dollar,22901.02,US Dollar,Credit Card,0
2022/09/01 00:26,1292,8001CA830,10,8003B5DC0,1762621.93,US Dollar,1762621.93,US Dollar,Cheque,0
2022/09/01 00:04,1362,800419480,1362,800419480,4.51,US Dollar,4.51,US Dollar,Reinvestment,0
2022/09/01 00:00,1,800389100,1,800389100,16189.28,US Dollar,16189.28,US Dollar,Reinvestment,0
2022/09/01 00:20,1068,801342560,1068,801342560,6.11,US Dollar,6.11,US Dollar,Reinvestment,0
2022/09/01 00:18,1665,80041D420,10,8005D2150,102.55,US Dollar,102.55,US Dollar,Credit Card,0
2022/09/01 00:09,1,8002C4C10,1,8002C4C10,22.88,US Dollar,22.88,US Dollar,Reinvestment,0
2022/09/01 00:14,11296,8016B82E0,11296,8016B82E0,756221.89,US Dollar,756221.89,US Dollar,Reinvestment,0
2022/09/01 00:16,10,80010C0B0,10,80010C0B0,20.89,US Dollar,20.89,US Dollar,Reinvestment,0
2022/09/01 00:17,10,800189BC0,10,800189BC0,23.6,US Dollar,23.6,US Dollar,Reinvestment,0
2022/09/01 00:00,1467,80033C3F0,1467,80033C3F0,64643.09,US Dollar,64643.09,US Dollar,Reinvestment,0
2022/09/01 00:06,220,800408000,220,800408000,8361.88,US Dollar,8361.88,US Dollar,Reinvestment,0
2022/09/01 00:26,220,8001325C0,1588,8003C0700,2736.79,US Dollar,2736.79,US Dollar,Cheque,0
2022/09/01 00:28,10,8001FAC60,10,8001FAC60,13.32,US Dollar,13.32,US Dollar,Reinvestment,0
2022/09/01 00:06,10,800105730,10,800105730,261455.31,US Dollar,261455.31,US Dollar,Reinvestment,0
2022/09/01 00:26,1665,8003A4EA0,1665,8003A4EA0,9.93,US Dollar,9.93,US Dollar,Reinvestment,0
2022/09/01 00:14,10,800268440,1,800268220,2024429.0,US Dollar,2024429.0,US Dollar,Cheque,0
2022/09/01 00:09,3431,8003E6180,3431,8003E6180,11085.86,US Dollar,11085.86,US Dollar,Reinvestment,0
2022/09/01 00:14,12,800132990,12,800132990,11591.6,US Dollar,11591.6,US Dollar,Reinvestment,0
2022/09/01 00:25,513,8003C5B30,513,8003C5B30,6.49,US Dollar,6.49,US Dollar,Reinvestment,0
2022/09/01 00:20,10,8001CA380,10,8001CA380,1950.33,US Dollar,1950.33,US Dollar,Reinvestment,0
2022/09/01 00:03,1,8001CEC80,1,8001CEC80,31.31,US Dollar,31.31,US Dollar,Reinvestment,0
2022/09/01 00:00,10,8001E37F0,10,8001E37F0,560045.98,US Dollar,560045.98,US Dollar,Reinvestment,0
2022/09/01 00:04,10,80010DA60,10,80010DA60,16027.79,US Dollar,16027.79,US Dollar,Reinvestment,0
2022/09/01 00:18,10,80011BDF0,10,80011BDF0,86684.05,US Dollar,86684.05,US Dollar,Reinvestment,0
2022/09/01 00:00,10,8002143C0,10,8002143C0,21163.9,US Dollar,21163.9,US Dollar,Reinvestment,0
2022/09/01 00:25,1,8003085B0,1,8003085B0,15.09,US Dollar,15.09,US Dollar,Reinvestment,0
2022/09/01 00:29,3365,800250B60,3365,800250B60,11890.13,US Dollar,11890.13,US Dollar,Reinvestment,0
2022/09/01 00:10,513,800417E30,513,800417E30,20.44,US Dollar,20.44,US Dollar,Reinvestment,0
2022/09/02 15:40,21174,800737690,410,8002CC310,3511.82,Euro,3511.82,Euro,ACH,1
2022/09/01 00:17,12,8001C64C0,12,8001C64C0,6.44,US Dollar,6.44,US Dollar,Reinvestment,0
2022/09/01 00:19,10,800216BB0,10,800216BB0,83.3,US Dollar,83.3,US Dollar,Reinvestment,0
2022/09/01 00:21,12,800411150,12,800411150,46703.51,US Dollar,46703.51,US Dollar,Reinvestment,0
2022/09/01 00:12,12,80022B750,513,8003AD240,2009.99,US Dollar,2009.99,US Dollar,Credit Card,0
2022/09/01 00:23,220,8002177D0,220,8002177D0,83342.6,US Dollar,83342.6,US Dollar,Reinvestment,0
2022/09/01 00:15,10,800156890,10,800156890,16.57,US Dollar,16.57,US Dollar,Reinvestment,0
2022/09/01 00:24,1674,80040EA70,1674,80040EA70,10306.4,US Dollar,10306.4,US Dollar,Reinvestment,0
2022/09/01 00:04,3420,801D9FF00,3420,801D9FF00,19.24,US Dollar,19.24,US Dollar,Reinvestment,0
2022/09/01 00:12,70,100428660,1,8002F39A0,50943473.54,US Dollar,50943473.54,US Dollar,Cheque,0
2022/09/01 00:10,3209,8002631D0,3209,8002631D0,1920.23,US Dollar,1920.23,US Dollar,Reinvestment,0
2022/09/01 00:08,3545,8002BDF90,3545,8002BDF90,6864.04,US Dollar,6864.04,US Dollar,Reinvestment,0
2022/09/01 00:19,70,100428660,10,8003470E0,3140.42,US Dollar,3140.42,US Dollar,Credit Card,0
2022/09/01 00:22,1362,80025B690,1362,80025B690,490269.37,US Dollar,490269.37,US Dollar,Reinvestment,0
2022/09/01 00:23,10,8001CC420,10,8001CC420,17541.05,US Dollar,17541.05,US Dollar,Reinvestment,0
2022/09/01 00:12,1467,8003EDB00,1467,8003EDB00,15753.12,US Dollar,15753.12,US Dollar,Reinvestment,0
2022/09/01 00:20,701,8004128B0,701,8004128B0,1594324.64,US Dollar,1594324.64,US Dollar,Reinvestment,0
2022/09/01 00:07,1588,8003D9860,1588,8003D9860,80149.37,US Dollar,80149.37,US Dollar,Reinvestment,0
2022/09/01 00:03,220,8001325C0,10,80018DBD0,1102.6,US Dollar,1102.6,US Dollar,Credit Card,0
2022/09/01 00:41,70,100428660,8805,805B66DC0,1104.79,US Dollar,1104.79,US Dollar,Cheque,1
2022/09/01 00:08,10,800105D30,12,800105F00,236392988.0,US Dollar,236392988.0,US Dollar,Cheque,0
2022/09/01 00:29,1292,8002B21D0,1292,8002B21D0,9.27,US Dollar,9.27,US Dollar,Reinvestment,0
2022/09/01 00:20,3208,8000F4580,1,8000F5340,0.01,US Dollar,0.01,US Dollar,Cheque,0
2022/09/01 00:03,3246,8003021D0,3246,8003021D0,3097.83,US Dollar,3097.83,US Dollar,Reinvestment,0
2022/09/01 00:05,10,8003DD990,10,8003DD990,76.85,US Dollar,76.85,US Dollar,Reinvestment,0
2022/09/01 00:29,3472,8003F51A0,1420,8003D7720,172.04,US Dollar,172.04,US Dollar,ACH,0
2022/09/01 00:16,1,8000EC1E0,1,8000EC1E0,11.86,US Dollar,11.86,US Dollar,Reinvestment,0
2022/09/01 00:22,220,8003B9190,220,8003B9190,6.09,US Dollar,6.09,US Dollar,Reinvestment,0
2022/09/01 00:24,1,8001409E0,10,80014D160,4274.46,US Dollar,4274.46,US Dollar,Cash,0
2022/09/01 00:21,10,80040F9F0,1588,800411380,329139.0,US Dollar,329139.0,US Dollar,ACH,0
2022/09/01 00:12,220,800224560,220,800224560,4764.93,US Dollar,4764.93,US Dollar,Reinvestment,0
2022/09/01 00:26,1292,8001DB320,1292,8001DB320,4.64,US Dollar,4.64,US Dollar,Reinvestment,0
2022/09/01 00:21,1,80019AA00,1,80019AA00,48197.5,US Dollar,48197.5,US Dollar,Reinvestment,0
2022/09/01 00:17,1362,8002B89B0,1362,8002B89B0,18.6,US Dollar,18.6,US Dollar,Reinvestment,0
2022/09/01 00:10,3284,8004193E0,3284,8004193E0,50509.92,US Dollar,50509.92,US Dollar,Reinvestment,0
2022/09/01 00:19,1292,8001EB640,1292,8001EB640,12.37,US Dollar,12.37,US Dollar,Reinvestment,0
2022/09/01 00:13,220,8002694A0,220,8002694A0,8770.84,US Dollar,8770.84,US Dollar,Reinvestment,0
2022/09/03 01:44,410,802D878C0,3229,8063F5290,7617.17,US Dollar,7617.17,US Dollar,ACH,1
2022/09/01 00:19,3601,800321210,3601,800321210,5751.92,US Dollar,5751.92,US Dollar,Reinvestment,0
2022/09/01 00:07,1,80030A730,1,80030A730,1184681.37,US Dollar,1184681.37,US Dollar,Reinvestment,0
2022/09/01 00:11,1362,800337730,125906,80A067380,5.67,US Dollar,5.67,US Dollar,Credit Card,0
2022/09/01 00:27,3546,800346A90,3546,800346A90,7591.99,US Dollar,7591.99,US Dollar,Reinvestment,0
2022/09/01 00:25,12,800147C30,12,800147C30,52709.17,US Dollar,52709.17,US Dollar,Reinvestment,0
2022/09/01 00:20,220,80024DB90,220,80024DB90,20.49,US Dollar,20.49,US Dollar,Reinvestment,0
2022/09/01 00:28,220,800149210,227786,813188F60,30.21,US Dollar,30.21,US Dollar,Credit Card,0
2022/09/01 00:24,1420,8003053E0,1420,8003053E0,1536014.61,US Dollar,1536014.61,US Dollar,Reinvestment,0
2022/09/01 00:24,1362,8003F9B80,1362,8003F9B80,10.7,US Dollar,10.7,US Dollar,Reinvestment,0
2022/09/01 00:22,3365,800418BD0,1292,8004110B0,543.94,US Dollar,543.94,US Dollar,Cheque,0
2022/09/01 00:26,10,80034E290,12,800388920,150428.0,US Dollar,150428.0,US Dollar,Cheque,0
2022/09/01 00:14,1,8004041D0,1,8004041D0,34196.31,US Dollar,34196.31,US Dollar,Reinvestment,0
2022/09/01 00:23,513,80032D090,513,80032D090,3789.84,US Dollar,3789.84,US Dollar,Reinvestment,0
2022/09/01 00:18,1,8001142C0,1,8001142C0,8862.59,US Dollar,8862.59,US Dollar,Reinvestment,0
2022/09/01 00:07,10,80018DBD0,1,800256410,36263.22,US Dollar,36263.22,US Dollar,Cheque,0
2022/09/01 00:26,10,800144AE0,10,800144AE0,171777.74,US Dollar,171777.74,US Dollar,Reinvestment,0
2022/09/01 00:17,1362,800335010,11296,805D8EFA0,119.38,US Dollar,119.38,US Dollar,Credit Card,0
2022/09/01 00:17,1588,8003BDF60,1588,8003BDF60,5.27,US Dollar,5.27,US Dollar,Reinvestment,0
2022/09/01 00:05,12,800113FE0,12,800113FE0,102785.36,US Dollar,102785.36,US Dollar,Reinvestment,0
2022/09/01 00:29,10,800059F50,10,800059F50,86837.1,US Dollar,86837.1,US Dollar,Reinvestment,0
2022/09/01 00:10,1467,8003F6C80,19329,803CAA8A0,23.01,US Dollar,23.01,US Dollar,Credit Card,0
2022/09/01 00:26,10,8001C7260,10,8001C7260,330137.94,US Dollar,330137.94,US Dollar,Reinvestment,0
2022/09/01 00:27,513,800421140,513,800421140,4058.4,US Dollar,4058.4,US Dollar,Reinvestment,0
2022/09/01 00:11,1601,8003479D0,1601,8003479D0,28956.0,US Dollar,28956.0,US Dollar,Reinvestment,0
2022/09/01 00:00,1729,8003F0D10,1729,8003F0D10,4017.24,US Dollar,4017.24,US Dollar,Reinvestment,0
2022/09/01 00:04,1420,8010098B0,1420,8010098B0,19605.49,US Dollar,19605.49,US Dollar,Reinvestment,0
2022/09/01 00:07,12,800229520,10,8003A8AB0,42930.19,US Dollar,42930.19,US Dollar,Cheque,0
2022/09/01 00:12,12,800425A40,12,800425A40,420212.76,US Dollar,420212.76,US Dollar,Reinvestment,0
2022/09/01 00:23,1292,8001CCCD0,1292,8001CCCD0,87958.82,US Dollar,87958.82,US Dollar,Reinvestment,0
2022/09/01 00:13,12,800135E30,1362,80024FAA0,12973.35,US Dollar,12973.35,US Dollar,Cheque,0
2022/09/01 00:07,10,8001F97D0,10,8001F97D0,1273.01,US Dollar,1273.01,US Dollar,Reinvestment,0
2022/09/01 00:22,70,100428660,220,800190EB0,13809.74,US Dollar,13809.74,US Dollar,Cash,0
2022/09/01 00:20,10,8001742E0,1292,800188040,7268.66,US Dollar,7268.66,US Dollar,Cheque,0
2022/09/01 00:18,12,800303130,210404,8045BE740,52.28,US Dollar,52.28,US Dollar,Credit Card,0
2022/09/01 00:01,3601,80033E330,1,80033FFD0,947.52,US Dollar,947.52,US Dollar,Wire,0
2022/09/01 00:18,10,800055DF0,12,80033BF20,61875.67,US Dollar,61875.67,US Dollar,Cheque,0
2022/09/01 00:13,220,8002C5A90,220,8002C5A90,6.85,US Dollar,6.85,US Dollar,Reinvestment,0
2022/09/01 00:07,1,800394050,1,800394050,157216.84,US Dollar,157216.84,US Dollar,Reinvestment,0
2022/09/01 00:09,12,80010C340,12,80010C340,13774.9,US Dollar,13774.9,US Dollar,Reinvestment,0
2022/09/01 00:06,220,8003051E0,10,8003B5870,137787.22,US Dollar,137787.22,US Dollar,ACH,0
2022/09/01 00:12,1292,800263680,1292,800263680,6542.03,US Dollar,6542.03,US Dollar,Reinvestment,0
2022/09/01 00:00,10,800196F00,10,800196F00,5278.24,US Dollar,5278.24,US Dollar,Reinvestment,0
2022/09/01 00:05,10,80022BBB0,10,80022BBB0,4.83,US Dollar,4.83,US Dollar,Reinvestment,0
2022/09/01 00:29,220,80034A300,220,80034A300,3324.91,US Dollar,3324.91,US Dollar,Reinvestment,0
2022/09/01 00:08,1,80018BA80,1588,8003BEB90,4570.67,US Dollar,4570.67,US Dollar,Cash,0
2022/09/01 00:29,1292,8003AFEA0,1292,8003AFEA0,21.21,US Dollar,21.21,US Dollar,Reinvestment,0
2022/09/01 00:01,220,8002680E0,221731,80D4011A0,6.81,US Dollar,6.81,US Dollar,Credit Card,0
2022/09/01 00:22,3438,800302130,3438,800302130,2023.66,US Dollar,2023.66,US Dollar,Reinvestment,0
2022/09/01 00:20,10,8001E9FE0,10,8001E9FE0,4.64,US Dollar,4.64,US Dollar,Reinvestment,0
2022/09/01 00:26,12,80021B080,12,80021B080,2886.11,US Dollar,2886.11,US Dollar,Reinvestment,0
2022/09/01 00:12,1588,8003C9F90,1588,8003C9F90,4.98,US Dollar,4.98,US Dollar,Reinvestment,0
2022/09/01 00:23,220,8002F0D60,220,8002F0D60,17.53,US Dollar,17.53,US Dollar,Reinvestment,0
2022/09/01 00:07,12,8001E0160,214615,806859720,45.76,US Dollar,45.76,US Dollar,Credit Card,0
2022/09/01 00:05,10,800176780,10,800176780,63655.44,US Dollar,63655.44,US Dollar,Reinvestment,0
2022/09/01 00:02,701,800420180,701,800420180,852.19,US Dollar,852.19,US Dollar,Reinvestment,0
2022/09/01 00:03,1,80005C0A0,1588,8003AC470,13449.06,US Dollar,13449.06,US Dollar,Cheque,0
2022/09/01 00:19,1588,80038BA70,10,80038B5C0,851997.0,US Dollar,851997.0,US Dollar,Cheque,0
2022/09/01 00:14,70,100428660,1,8002640E0,9789.22,US Dollar,9789.22,US Dollar,Cheque,0
2022/09/01 00:25,10,8001520E0,10,8001520E0,20028.72,US Dollar,20028.72,US Dollar,Reinvestment,0
2022/09/01 00:16,1601,800335920,1601,800335920,10.48,US Dollar,10.48,US Dollar,Reinvestment,0
2022/09/01 00:07,12,8001068A0,12,8001068A0,15.45,US Dollar,15.45,US Dollar,Reinvestment,0
2022/09/01 00:22,1588,8003D9860,1588,8003D9860,7.54,US Dollar,7.54,US Dollar,Reinvestment,0
2022/09/01 00:23,220,80010C2F0,12,80012A760,24158800.08,US Dollar,24158800.08,US Dollar,Cheque,0
2022/09/01 00:08,1420,80024CDE0,10,8002B9030,4375.31,US Dollar,4375.31,US Dollar,ACH,0
2022/09/01 00:09,1,80005C790,1,80005C790,23.06,US Dollar,23.06,US Dollar,Reinvestment,0
2022/09/01 00:25,1,8001740A0,1,8001740A0,312.45,US Dollar,312.45,US Dollar,Reinvestment,0
2022/09/01 00:24,513,8004049F0,513,8004049F0,11.4,US Dollar,11.4,US Dollar,Reinvestment,0
2022/09/01 00:20,1674,8003F9E60,1674,8003F9E60,1301378.12,US Dollar,1301378.12,US Dollar,Reinvestment,0
2022/09/01 00:04,1,800056370,1,800056370,14.6,US Dollar,14.6,US Dollar,Reinvestment,0
2022/09/01 00:19,513,8003491D0,513,8003491D0,23378.55,US Dollar,23378.55,US Dollar,Reinvestment,0
2022/09/01 00:17,1420,8003AB740,1420,8003AB740,694850.84,US Dollar,694850.84,US Dollar,Reinvestment,0
2022/09/03 08:27,16606,8064545E0,2454,80662A070,12331.0,US Dollar,12331.0,US Dollar,ACH,1
2022/09/01 00:03,1292,80019DF90,1292,80019DF90,229.85,US Dollar,229.85,US Dollar,Reinvestment,0
2022/09/01 00:24,1362,800425BD0,15723,80D4FBB70,6.36,US Dollar,6.36,US Dollar,Credit Card,0
2022/09/01 00:03,10,8003F7B80,10,8003F7B80,9.7,US Dollar,9.7,US Dollar,Reinvestment,0
2022/09/01 00:27,3314,8003D6540,10,8003F3470,11769.07,US Dollar,11769.07,US Dollar,ACH,0
2022/09/01 00:12,1,800128AC0,10,80012AB70,1775.39,US Dollar,1775.39,US Dollar,Cash,0
2022/09/01 00:08,1,800147880,28771,8087881E0,9.43,US Dollar,9.43,US Dollar,Credit Card,0
2022/09/01 00:19,12,80028C360,12,80028C360,9474300.16,US Dollar,9474300.16,US Dollar,Reinvestment,0
2022/09/01 00:10,1420,8002BC510,1420,8002BC510,258.1,US Dollar,258.1,US Dollar,Reinvestment,0
2022/09/01 00:26,1,80011C190,1674,8003BB960,13906.01,US Dollar,13906.01,US Dollar,Cheque,0
2022/09/01 00:09,1467,8002FC370,1467,8002FC370,4.86,US Dollar,4.86,US Dollar,Reinvestment,0
2022/09/01 00:22,1,80011AA30,1292,8002C2DE0,1048.63,US Dollar,1048.63,US Dollar,Cheque,0
2022/09/01 00:19,1,8002BCC60,1,8002BCC60,9025.85,US Dollar,9025.85,US Dollar,Reinvestment,0
2022/09/01 00:10,10,8002670F0,1665,8003B23D0,2536.35,US Dollar,2536.35,US Dollar,Credit Card,0
2022/09/01 00:28,1665,8005E18F0,1665,8005E18F0,157.57,US Dollar,157.57,US Dollar,Reinvestment,0
2022/09/01 00:10,1362,800252EE0,10,800307C80,4409.32,US Dollar,4409.32,US Dollar,ACH,0
2022/09/01 00:12,10,800424780,10,800424780,33308.36,US Dollar,33308.36,US Dollar,Reinvestment,0
2022/09/01 00:06,12,80015E8B0,12,80015E8B0,607809.45,US Dollar,607809.45,US Dollar,Reinvestment,0
2022/09/01 00:16,10,800110D50,10,800110D50,18.23,US Dollar,18.23,US Dollar,Reinvestment,0
2022/09/02 15:44,131167,80C21E690,241869,80F390FC0,3354.5,Swiss Franc,3354.5,Swiss Franc,ACH,1
2022/09/01 00:25,1292,8001E1C50,19474,80EFEF8B0,47.77,US Dollar,47.77,US Dollar,Credit Card,0
2022/09/01 00:07,1,800266C90,1,800266C90,287571.21,US Dollar,287571.21,US Dollar,Reinvestment,0
2022/09/01 00:03,12,800135E30,12,800135E30,7.2,US Dollar,7.2,US Dollar,Reinvestment,0
2022/09/01 00:29,1,80026CDF0,1,80026CDF0,56558.87,US Dollar,56558.87,US Dollar,Reinvestment,0
2022/09/01 00:16,513,8003CEFC0,513,8003CEFC0,4202430.82,US Dollar,4202430.82,US Dollar,Reinvestment,0
2022/09/03 11:07,13157,805CA5A30,241869,80F390FC0,4513.56,Swiss Franc,4513.56,Swiss Franc,ACH,1
2022/09/01 00:12,1467,8003C8AE0,1467,8003C8AE0,19.45,US Dollar,19.45,US Dollar,Reinvestment,0
2022/09/01 00:02,1,80011A2A0,220,80011D000,27374.91,US Dollar,27374.91,US Dollar,Cash,0
2022/09/01 00:17,70,100428660,152980,8140702D0,6892.43,US Dollar,6892.43,US Dollar,Credit Card,1
2022/09/01 00:13,10,800134210,10,800134210,4.25,US Dollar,4.25,US Dollar,Reinvestment,0
2022/09/01 00:08,513,8003A8A60,513,8003A8A60,207214.97,US Dollar,207214.97,US Dollar,Reinvestment,0
2022/09/01 00:03,1362,8001D3A10,1362,8001D3A10,11.34,US Dollar,11.34,US Dollar,Reinvestment,0
2022/09/01 00:00,12,80021FBB0,12,80021FBB0,11.51,US Dollar,11.51,US Dollar,Reinvestment,0
2022/09/01 00:06,1,8001580D0,1,8001580D0,121867.33,US Dollar,121867.33,US Dollar,Reinvestment,0
2022/09/01 00:15,10,8001501C0,10,8001501C0,84159.63,US Dollar,84159.63,US Dollar,Reinvestment,0
2022/09/01 00:21,1420,800389010,1420,800389010,8926.53,US Dollar,8926.53,US Dollar,Reinvestment,0
2022/09/01 00:15,220,80010C2F0,220,80010C2F0,19.99,US Dollar,19.99,US Dollar,Reinvestment,0
2022/09/01 00:29,1420,800251BB0,1420,800251BB0,324355.87,US Dollar,324355.87,US Dollar,Reinvestment,0
2022/09/01 00:14,10,800417230,10,800417230,21607.41,US Dollar,21607.41,US Dollar,Reinvestment,0
2022/09/01 00:28,1420,80033FC50,17732,805EE6660,141.31,US Dollar,141.31,US Dollar,Credit Card,0
2022/09/01 00:25,1362,8002C0880,1362,8002C0880,10.53,US Dollar,10.53,US Dollar,Reinvestment,0
2022/09/01 00:14,12,8001C5670,12,8001C5670,5.57,US Dollar,5.57,US Dollar,Reinvestment,0
2022/09/01 00:14,220,8002BBBC0,1665,8003DAEE0,6169298.67,US Dollar,6169298.67,US Dollar,Cheque,0
2022/09/01 00:18,1601,8003D4DE0,1601,8003D4DE0,11580.43,US Dollar,11580.43,US Dollar,Reinvestment,0
2022/09/01 00:16,10,8003BBB80,10,8003BBB80,24.88,US Dollar,24.88,US Dollar,Reinvestment,0
2022/09/01 00:18,1,8003B4B10,1,8003B4B10,47741.48,US Dollar,47741.48,US Dollar,Reinvestment,0
2022/09/01 00:15,1362,8003A2200,1362,8003A2200,12.9,US Dollar,12.9,US Dollar,Reinvestment,0
2022/09/01 00:21,70,100428660,10,80036A930,87060.04,US Dollar,87060.04,US Dollar,Cash,0
2022/09/01 00:10,1292,8003BF640,22205,80F702650,18.49,US Dollar,18.49,US Dollar,Credit Card,0
2022/09/01 00:22,1,80011A2A0,220,80011D000,40167.8,US Dollar,40167.8,US Dollar,Cheque,0
2022/09/01 00:01,12,800145390,12,800110F70,97.56,US Dollar,97.56,US Dollar,Credit Card,0
2022/09/01 00:20,70,100428660,1362,8001E0F10,34.94,US Dollar,34.94,US Dollar,Cash,0
2022/09/01 00:23,1420,80028BC30,1420,80028BC30,12.41,US Dollar,12.41,US Dollar,Reinvestment,0
2022/09/01 00:22,12,8001744E0,10,8002FE410,15431.88,US Dollar,15431.88,US Dollar,Credit Card,0
2022/09/01 00:14,1,80018BA80,1588,8003BEB90,16257.55,US Dollar,16257.55,US Dollar,Cheque,0
2022/09/01 00:17,10,8016BBF40,24161,80DF7DCE0,149.35,US Dollar,149.35,US Dollar,Credit Card,0
2022/09/01 00:23,220,800336B70,113744,8091CF1C0,155.33,US Dollar,155.33,US Dollar,Credit Card,0
2022/09/01 00:27,10,8001C5260,10,8001C5260,23.89,US Dollar,23.89,US Dollar,Reinvestment,0
2022/09/04 14:07,214050,80543C3C0,241869,80F390FC0,1514.49,Swiss Franc,1514.49,Swiss Franc,ACH,1
2022/09/01 00:18,513,800409C60,513,800409C60,17.95,US Dollar,17.95,US Dollar,Reinvestment,0
2022/09/01 00:19,3462,8004229A0,10,800422350,660.94,US Dollar,660.94,US Dollar,ACH,0
2022/09/01 00:20,3208,800156AF0,10,800156890,0.01,US Dollar,0.01,US Dollar,Cheque,0
2022/09/01 00:18,220,8003E2250,220,8003E2250,615.0,US Dollar,615.0,US Dollar,Reinvestment,0
2022/09/03 19:52,40312,80F52D550,23370,80BEA98A0,11975.53,UK Pound,11975.53,UK Pound,ACH,1
2022/09/01 00:16,10,80034B7D0,10,80034B7D0,17.26,US Dollar,17.26,US Dollar,Reinvestment,0
2022/09/01 00:00,3296,80015E630,3296,80015E630,37934.66,US Dollar,37934.66,US Dollar,Reinvestment,0
2022/09/01 00:09,12,8001A8EB0,12,8001A8EB0,13769.83,US Dollar,13769.83,US Dollar,Reinvestment,0
2022/09/01 00:08,1,800058B80,1,800058B80,11.24,US Dollar,11.24,US Dollar,Reinvestment,0
2022/09/01 00:17,10,80012FD90,36056,812ED6380,106.7,US Dollar,106.7,US Dollar,Credit Card,0
2022/09/01 00:29,70,100428660,1362,80025B860,24662.06,US Dollar,24662.06,US Dollar,Cheque,0
2022/09/01 00:09,12,800302510,12,800302510,7.54,US Dollar,7.54,US Dollar,Reinvestment,0
2022/09/01 00:06,220,800257BA0,220,800257BA0,2850759.23,US Dollar,2850759.23,US Dollar,Reinvestment,0
2022/09/01 00:26,11904,8016BC320,11904,8016BC320,1282.15,US Dollar,1282.15,US Dollar,Reinvestment,0
2022/09/01 00:26,10,8001E3EE0,10,8001E3EE0,17495.77,US Dollar,17495.77,US Dollar,Reinvestment,0
2022/09/01 00:08,1,80018A900,1,80018A900,13925059.09,US Dollar,13925059.09,US Dollar,Reinvestment,0
2022/09/01 00:01,1467,8003A90B0,1467,8003A90B0,7245269.46,US Dollar,7245269.46,US Dollar,Reinvestment,0
2022/09/03 09:29,21174,800737690,1,800AAF0B0,15197.45,US Dollar,15197.45,US Dollar,ACH,1
2022/09/01 00:20,12,800149FB0,12,800149FB0,411423.16,US Dollar,411423.16,US Dollar,Reinvestment,0
2022/09/01 00:22,3314,80033AF60,1601,80033AD80,8.04,US Dollar,8.04,US Dollar,Wire,0
2022/09/01 00:19,220,80010C2F0,220,80010C2F0,921588.24,US Dollar,921588.24,US Dollar,Reinvestment,0
2022/09/01 00:21,1,8003B02B0,1,8003B02B0,1123.89,US Dollar,1123.89,US Dollar,Reinvestment,0
2022/09/01 00:29,3211,80014BC00,1,80014BA70,146.08,US Dollar,146.08,US Dollar,Cheque,0
2022/09/01 00:04,12,800388920,137446,80DDDB630,7.1,US Dollar,7.1,US Dollar,Credit Card,0
2022/09/01 00:23,513,800332130,513,800332130,8.01,US Dollar,8.01,US Dollar,Reinvestment,0
2022/09/01 00:01,10,8001A6140,10,8001A6140,8976.52,US Dollar,8976.52,US Dollar,Reinvestment,0
2022/09/02 12:29,217,80FD27570,24856,8090E8EB0,10621.24,Canadian Dollar,10621.24,Canadian Dollar,ACH,1
2022/09/01 00:00,12,80024EBB0,12,80024EBB0,18.27,US Dollar,18.27,US Dollar,Reinvestment,0
2022/09/01 00:22,1292,8001CA830,4523,80C1456B0,16.68,US Dollar,16.68,US Dollar,Credit Card,0
2022/09/01 00:00,1292,80025C6D0,1292,80025C6D0,22.66,US Dollar,22.66,US Dollar,Reinvestment,0
2022/09/01 00:16,1,800056CB0,1,800056CB0,40939.45,US Dollar,40939.45,US Dollar,Reinvestment,0
2022/09/01 00:03,12,8001F1B20,12,8001F1B20,318734.77,US Dollar,318734.77,US Dollar,Reinvestment,0
2022/09/01 00:06,1,80011B810,1,80011B810,24545.63,US Dollar,24545.63,US Dollar,Reinvestment,0
2022/09/01 00:26,1292,800188040,1292,800188040,6.91,US Dollar,6.91,US Dollar,Reinvestment,0
2022/09/01 00:19,1362,8002BB2A0,1362,8002BB2A0,176045.34,US Dollar,176045.34,US Dollar,Reinvestment,0
2022/09/01 00:24,10,8001BB380,10,8001BB380,16.51,US Dollar,16.51,US Dollar,Reinvestment,0
2022/09/01 00:22,1467,8002CB540,1467,8002CB540,38416.72,US Dollar,38416.72,US Dollar,Reinvestment,0
2022/09/01 00:29,70,100428660,1292,8002D6970,10.01,US Dollar,10.01,US Dollar,Credit Card,0
2022/09/01 00:19,10,800126360,10,800126360,14.99,US Dollar,14.99,US Dollar,Reinvestment,0
2022/09/01 00:05,10,80019E220,10,80019E220,5188.13,US Dollar,5188.13,US Dollar,Reinvestment,0
2022/09/01 00:16,1420,801008520,12,80974B620,17.57,US Dollar,17.57,US Dollar,Credit Card,0
2022/09/01 00:06,3561,800331750,3561,800331750,715.36,US Dollar,715.36,US Dollar,Reinvestment,0
2022/09/01 00:28,12,80012A760,12,80012A760,3.57,US Dollar,3.57,US Dollar,Reinvestment,0
2022/09/03 07:12,3051,806A3D750,241869,80F390FC0,2024.65,Swiss Franc,2024.65,Swiss Franc,ACH,1
2022/09/01 00:39,18097,807507390,18200,8075086A0,9430.06,Yuan,9430.06,Yuan,ACH,1
2022/09/01 00:19,1,80013EDF0,1,80013EDF0,904.08,US Dollar,904.08,US Dollar,Reinvestment,0
2022/09/01 00:22,1457,80100D180,15916,803177AF0,406.38,US Dollar,406.38,US Dollar,Credit Card,0
2022/09/01 00:17,1362,8001E0F10,1362,8001E0F10,11168.94,US Dollar,11168.94,US Dollar,Reinvestment,0
2022/09/01 00:03,1292,800305DA0,1292,800305DA0,18229.81,US Dollar,18229.81,US Dollar,Reinvestment,0
2022/09/01 00:24,1,8001275E0,1420,8002ED740,2871.12,US Dollar,2871.12,US Dollar,Cheque,0
2022/09/01 00:16,1,8003667F0,1,8003667F0,1015.37,US Dollar,1015.37,US Dollar,Reinvestment,0
2022/09/01 00:12,1,8001275E0,1420,8002ED740,4217.89,US Dollar,4217.89,US Dollar,Cash,0
2022/09/01 00:27,1,80011C190,1674,8003BB960,6200.98,US Dollar,6200.98,US Dollar,Credit Card,0
2022/09/01 00:02,10,80013E960,10,80013E960,20.09,US Dollar,20.09,US Dollar,Reinvestment,0
2022/09/01 00:19,1688,8003EC570,1601,8003E8FC0,14168393.0,US Dollar,14168393.0,US Dollar,ACH,0
2022/09/01 00:29,2845,8016BC370,2845,8016BC370,17.38,US Dollar,17.38,US Dollar,Reinvestment,0
2022/09/01 00:10,1362,80022BEC0,1362,80022BEC0,461.89,US Dollar,461.89,US Dollar,Reinvestment,0
2022/09/01 00:28,10,8001E8240,1601,8003EB980,18067.91,US Dollar,18067.91,US Dollar,ACH,0
2022/09/01 00:02,3470,800252210,3470,800252210,93.09,US Dollar,93.09,US Dollar,Reinvestment,0
2022/09/01 00:17,10,8003311B0,10,8003311B0,22.6,US Dollar,22.6,US Dollar,Reinvestment,0
2022/09/01 00:02,10,8003B9A50,10,8003B9A50,8.73,US Dollar,8.73,US Dollar,Reinvestment,0
2022/09/01 00:27,1,800163D50,1,800163D50,557531.76,US Dollar,557531.76,US Dollar,Reinvestment,0
2022/09/01 00:21,10,800127800,10,800127800,4455.49,US Dollar,4455.49,US Dollar,Reinvestment,0
2022/09/01 00:25,1362,80034B3B0,1362,80034B3B0,45.92,US Dollar,45.92,US Dollar,Reinvestment,0
2022/09/01 00:20,701,800425B30,701,800425B30,19.55,US Dollar,19.55,US Dollar,Reinvestment,0
2022/09/01 00:06,1,80024E5B0,1,80024E5B0,42077.35,US Dollar,42077.35,US Dollar,Reinvestment,0
2022/09/01 00:17,1420,80042A430,3420,8040D1940,101.23,US Dollar,101.23,US Dollar,Credit Card,0
2022/09/01 00:09,513,800391A30,513,800391A30,9.58,US Dollar,9.58,US Dollar,Reinvestment,0
2022/09/01 00:09,220,80018C730,220,80018C730,17.94,US Dollar,17.94,US Dollar,Reinvestment,0
2022/09/01 00:19,220,800309A10,220,800309A10,10741.73,US Dollar,10741.73,US Dollar,Reinvestment,0
2022/09/01 00:08,12,80005E9C0,12,80005E9C0,172667.53,US Dollar,172667.53,US Dollar,Reinvestment,0
2022/09/01 00:17,1467,80032E240,1467,80032E240,6.16,US Dollar,6.16,US Dollar,Reinvestment,0
2022/09/01 00:12,220,80022CCD0,220,80022CCD0,12.23,US Dollar,12.23,US Dollar,Reinvestment,0
2022/09/01 00:16,10,8003886F0,10,8003886F0,4877.22,US Dollar,4877.22,US Dollar,Reinvestment,0
2022/09/01 00:12,12,80010F6E0,10,800113DC0,7103.39,US Dollar,7103.39,US Dollar,Cheque,0
2022/09/01 00:20,10,8001504B0,10,8001504B0,2525.37,US Dollar,2525.37,US Dollar,Reinvestment,0
2022/09/01 00:21,1688,800214360,1688,800214360,4.77,US Dollar,4.77,US Dollar,Reinvestment,0
2022/09/01 00:20,1601,8003362F0,1601,8003362F0,48981.3,US Dollar,48981.3,US Dollar,Reinvestment,0
2022/09/01 00:07,220,800111970,220,800111970,14.28,US Dollar,14.28,US Dollar,Reinvestment,0
2022/09/01 00:21,10,80014E010,10,80014E010,22.12,US Dollar,22.12,US Dollar,Reinvestment,0
2022/09/01 00:27,10,8001A2E50,10,8001A2E50,588.64,US Dollar,588.64,US Dollar,Reinvestment,0
2022/09/01 00:01,12,800132080,12,800132080,305086.45,US Dollar,305086.45,US Dollar,Reinvestment,0
2022/09/01 00:04,220,8001325C0,10,80018DBD0,379371.14,US Dollar,379371.14,US Dollar,Cheque,0
2022/09/01 00:15,1,800259980,1,800259980,248.72,US Dollar,248.72,US Dollar,Reinvestment,0
2022/09/01 00:08,1686,8018754D0,14804,80D120A40,46.3,US Dollar,46.3,US Dollar,Credit Card,0
2022/09/01 00:01,3561,800340510,3561,800340510,2165.33,US Dollar,2165.33,US Dollar,Reinvestment,0
2022/09/01 00:28,10,800176780,10,800176780,17.64,US Dollar,17.64,US Dollar,Reinvestment,0
2022/09/01 00:14,1,8000EDBB0,1,8001F2F50,16829.9,US Dollar,16829.9,US Dollar,Cheque,0
2022/09/01 00:24,1,8002D7180,1,8002D7180,10.23,US Dollar,10.23,US Dollar,Reinvestment,0
2022/09/01 00:26,1,800252F30,1,800252F30,10.8,US Dollar,10.8,US Dollar,Reinvestment,0
2022/09/01 00:27,1,80038AE40,1,80038AE40,11958.23,US Dollar,11958.23,US Dollar,Reinvestment,0
2022/09/01 00:01,1362,8003F9B80,1362,8003F9B80,1143.96,US Dollar,1143.96,US Dollar,Reinvestment,0
2022/09/01 00:06,10,80021BC80,123997,80D38CD10,194.9,US Dollar,194.9,US Dollar,Credit Card,0
2022/09/01 00:08,10,800254D60,12,800EEECD0,6.59,US Dollar,6.59,US Dollar,Credit Card,0
2022/09/01 00:28,1,80010F690,1,80010F690,6.93,US Dollar,6.93,US Dollar,Reinvestment,0
2022/09/01 00:00,1,80005E740,1362,800256180,3698.2,US Dollar,3698.2,US Dollar,Credit Card,0
2022/09/01 00:27,3293,800157BC0,3293,800157BC0,85.18,US Dollar,85.18,US Dollar,Reinvestment,0
2022/09/01 00:17,1,80032AA00,1,80032AA00,12.8,US Dollar,12.8,US Dollar,Reinvestment,0
2022/09/01 00:12,1467,8002C9B90,1467,8002C9B90,23500.8,US Dollar,23500.8,US Dollar,Reinvestment,0
2022/09/01 00:15,220,8001357A0,220,8001357A0,696724.12,US Dollar,696724.12,US Dollar,Reinvestment,0
2022/09/01 00:15,1362,8001EBA60,1362,8001EBA60,10.01,US Dollar,10.01,US Dollar,Reinvestment,0
2022/09/01 00:26,10,800118D50,12,8002B7700,2433.48,US Dollar,2433.48,US Dollar,Cheque,0
2022/09/01 00:03,1,8000F5AD0,1,8000F5AD0,6162.44,US Dollar,6162.44,US Dollar,Reinvestment,0
2022/09/01 00:25,1420,8005FD390,1420,8005FD390,780457.62,US Dollar,780457.62,US Dollar,Reinvestment,0
2022/09/01 00:19,1,800425090,1,800425090,4277.92,US Dollar,4277.92,US Dollar,Reinvestment,0
2022/09/01 00:22,10,8001FA190,10,8001FA190,32273.3,US Dollar,32273.3,US Dollar,Reinvestment,0
2022/09/01 00:10,220,800129220,220,800129220,1421.08,US Dollar,1421.08,US Dollar,Reinvestment,0
2022/09/01 00:04,70,100428660,220,8003B9190,4955.06,US Dollar,4955.06,US Dollar,Credit Card,0
2022/09/01 00:04,10,80019F8E0,1292,8001A9700,4624.51,US Dollar,4624.51,US Dollar,Credit Card,0
2022/09/01 00:14,1,8001F0820,1,8001F0820,20.52,US Dollar,20.52,US Dollar,Reinvestment,0
2022/09/01 00:19,1,8002C1D80,513,8003CA3A0,39037.79,US Dollar,39037.79,US Dollar,Cheque,0
2022/09/01 00:20,10,800056660,10,800056660,4461.81,US Dollar,4461.81,US Dollar,Cheque,0
2022/09/01 00:14,3561,800394920,3561,800394920,9573.8,US Dollar,9573.8,US Dollar,Reinvestment,0
2022/09/01 00:29,10,80005D5C0,1674,800AC8E30,29382.0,US Dollar,29382.0,US Dollar,Cheque,0
2022/09/01 00:19,1,800404760,1,800404760,2647.17,US Dollar,2647.17,US Dollar,Reinvestment,0
2022/09/01 00:11,1,8002B62D0,1362,80033B380,78.02,US Dollar,78.02,US Dollar,Cheque,0
2022/09/01 00:29,10,8003E7130,10,8003E7130,4315.71,US Dollar,4315.71,US Dollar,Reinvestment,0
2022/09/01 00:24,12,80022B750,513,8003AD240,898.05,US Dollar,898.05,US Dollar,ACH,0
2022/09/01 00:05,10,8002CE2C0,10,8002CE2C0,181260.12,US Dollar,181260.12,US Dollar,Reinvestment,0
2022/09/01 00:14,513,80034BC60,513,80034BC60,7.88,US Dollar,7.88,US Dollar,Reinvestment,0
2022/09/01 00:13,1,8003FBD00,1,8003FBD00,4698449.23,US Dollar,4698449.23,US Dollar,Reinvestment,0
2022/09/01 00:20,10,8001C7740,10,8001C7740,12.74,US Dollar,12.74,US Dollar,Reinvestment,0
2022/09/01 00:20,3233,8003E4680,10,8003E6650,5231.07,US Dollar,5231.07,US Dollar,ACH,0
2022/09/01 00:01,12,8001F1280,12,8001F1280,9797.59,US Dollar,9797.59,US Dollar,Reinvestment,0
2022/09/01 00:18,10,800187110,1362,80021BEC0,12136.74,US Dollar,12136.74,US Dollar,Credit Card,0
2022/09/01 09:14,21174,800737690,20,80006A5E0,35642.49,Yuan,35642.49,Yuan,ACH,1
2022/09/01 00:16,1,8003D22D0,1,8003D22D0,7.72,US Dollar,7.72,US Dollar,Reinvestment,0
2022/09/01 00:26,3486,80038ECA0,3486,80038ECA0,17454.95,US Dollar,17454.95,US Dollar,Reinvestment,0
2022/09/01 00:22,10,80010A2C0,10,80010A2C0,10794795.38,US Dollar,10794795.38,US Dollar,Reinvestment,0
2022/09/01 00:17,1,8001530B0,1,8001530B0,6.86,US Dollar,6.86,US Dollar,Reinvestment,0
2022/09/01 00:25,1,8002B62D0,1362,80033B380,8.82,US Dollar,8.82,US Dollar,ACH,0
2022/09/01 00:04,1,80010C060,1,80010C060,21.9,US Dollar,21.9,US Dollar,Reinvestment,0
2022/09/01 00:29,1362,8001DC410,1362,8001DC410,5224.22,US Dollar,5224.22,US Dollar,Reinvestment,0
2022/09/01 00:23,1,80018A0B0,1,80018A0B0,3.1,US Dollar,3.1,US Dollar,Reinvestment,0
2022/09/01 00:06,12,800135E30,1362,80024FAA0,1096.59,US Dollar,1096.59,US Dollar,Credit Card,0
2022/09/01 00:11,3426,80021C6F0,10,80021C600,7567.99,US Dollar,7567.99,US Dollar,Wire,0
2022/09/01 00:29,1420,8005FD390,1292,8006A3890,38386097.0,US Dollar,38386097.0,US Dollar,Cheque,0
2022/09/01 00:10,12,8002C97F0,12,8002C97F0,413581.78,US Dollar,413581.78,US Dollar,Reinvestment,0
2022/09/01 00:24,10,800119810,10,800119810,23.94,US Dollar,23.94,US Dollar,Reinvestment,0
2022/09/01 00:26,10,800254D60,1,80028C950,8180.09,US Dollar,8180.09,US Dollar,Cheque,0
2022/09/01 00:04,220,800213390,220,800213390,465.6,US Dollar,465.6,US Dollar,Reinvestment,0
2022/09/01 00:02,10,80018DBD0,1,800256410,24082.61,US Dollar,24082.61,US Dollar,Credit Card,0
2022/09/01 00:29,70,100428660,1729,800401A80,8332.37,US Dollar,8332.37,US Dollar,Cash,0
2022/09/01 00:18,1,80021DCF0,1588,803E29FE0,209.99,US Dollar,209.99,US Dollar,Credit Card,0
2022/09/01 00:00,12,80021B080,12,80021B080,23.62,US Dollar,23.62,US Dollar,Reinvestment,0
2022/09/01 00:21,12,8001A8CC0,24869,8100D4600,68.04,US Dollar,68.04,US Dollar,Credit Card,0
2022/09/01 00:17,1,800056CB0,1,800056CB0,3.31,US Dollar,3.31,US Dollar,Reinvestment,0
2022/09/01 00:05,1,8003EDAB0,1,8003EDAB0,10.81,US Dollar,10.81,US Dollar,Reinvestment,0
2022/09/01 00:14,10,8003111C0,10,8003111C0,893608.55,US Dollar,893608.55,US Dollar,Reinvestment,0
2022/09/01 00:13,1,8012275D0,1,8012275D0,78061.55,US Dollar,78061.55,US Dollar,Reinvestment,0
2022/09/01 00:29,1362,800263720,1362,800263720,3751.62,US Dollar,3751.62,US Dollar,Reinvestment,0
2022/09/01 00:09,1292,800213AD0,220,80025CF70,883.54,US Dollar,883.54,US Dollar,Cheque,0
2022/09/01 00:09,12,800213020,12,800213020,40871.84,US Dollar,40871.84,US Dollar,Reinvestment,0
2022/09/01 00:16,220,800192280,10,80019D770,11719.92,US Dollar,11719.92,US Dollar,Credit Card,0
2022/09/01 00:17,10,80013A9C0,10,80013A9C0,8697384.59,US Dollar,8697384.59,US Dollar,Reinvestment,0
2022/09/01 00:02,1,80038AE40,1,80038AE40,18.93,US Dollar,18.93,US Dollar,Reinvestment,0
2022/09/01 00:05,12,800054B70,513,8003E9220,3176.6,US Dollar,3176.6,US Dollar,Cheque,0
2022/09/01 00:07,1,800190680,1,800190680,2611.95,US Dollar,2611.95,US Dollar,Reinvestment,0
2022/09/01 00:10,22828,8018A5CF0,22828,8018A5CF0,18.28,US Dollar,18.28,US Dollar,Reinvestment,0
2022/09/01 00:24,3624,8003EFEF0,3624,8003EFEF0,39559.03,US Dollar,39559.03,US Dollar,Reinvestment,0
2022/09/01 00:03,10,80021EF30,10,80021EF30,5721.25,US Dollar,5721.25,US Dollar,Reinvestment,0
2022/09/01 00:29,10,8001074F0,12,800145390,2404240.77,US Dollar,2404240.77,US Dollar,ACH,0
2022/09/01 01:58,70,100428660,11405,8033AA1B0,316.13,US Dollar,316.13,US Dollar,Cheque,1
2022/09/01 00:08,3264,800258100,3264,800258100,5401.46,US Dollar,5401.46,US Dollar,Reinvestment,0
2022/09/01 00:07,1467,80034E470,1467,80034E470,21.93,US Dollar,21.93,US Dollar,Reinvestment,0
2022/09/01 00:01,11318,80100DB30,16109,80805A830,9.57,US Dollar,9.57,US Dollar,Credit Card,0
2022/09/01 00:14,1,800148D00,1,800148D00,3.74,US Dollar,3.74,US Dollar,Reinvestment,0
2022/09/01 00:19,513,8003BE4B0,1688,8003F3C80,448.23,US Dollar,448.23,US Dollar,Cheque,0
2022/09/01 00:19,3211,800146750,3211,800146750,10918.14,US Dollar,10918.14,US Dollar,Reinvestment,0
2022/09/01 00:14,12,8003F5240,12,8003F5240,23.13,US Dollar,23.13,US Dollar,Reinvestment,0
2022/09/01 00:05,1292,80018F970,1292,80018F970,27588.78,US Dollar,27588.78,US Dollar,Reinvestment,0
2022/09/01 00:20,1,8003080E0,1467,80038D0D0,254.36,US Dollar,254.36,US Dollar,Cash,0
2022/09/01 00:04,1420,800405150,1420,800405150,1848272.4,US Dollar,1848272.4,US Dollar,Reinvestment,0
2022/09/01 00:21,220,8001DAF70,1467,80032BCD0,185032.28,US Dollar,185032.28,US Dollar,Cheque,0
2022/09/01 00:20,12,800154500,12,800154500,6.89,US Dollar,6.89,US Dollar,Reinvestment,0
2022/09/01 00:16,220,80014BF30,10,800182360,13271.04,US Dollar,13271.04,US Dollar,Credit Card,0
2022/09/01 00:16,2991,8016BBF90,11904,8017A8630,97.86,US Dollar,97.86,US Dollar,Credit Card,0
2022/09/01 00:24,1,8001142C0,220,800102D10,87560.09,US Dollar,87560.09,US Dollar,Cheque,0
2022/09/01 00:14,1,800192740,1,800192740,1611.73,US Dollar,1611.73,US Dollar,Reinvestment,0
2022/09/01 00:23,12,8003889C0,12,8003889C0,84280.67,US Dollar,84280.67,US Dollar,Reinvestment,0
2022/09/01 00:04,1688,8003D7410,1688,8003D7410,15.49,US Dollar,15.49,US Dollar,Reinvestment,0
2022/09/01 00:00,1,800143B00,513,8003231B0,174.32,US Dollar,174.32,US Dollar,Cheque,0
2022/09/01 00:12,1601,8003BE9A0,1601,8003BE9A0,17.99,US Dollar,17.99,US Dollar,Reinvestment,0
2022/09/01 00:27,12,800268C40,12,800268C40,13.59,US Dollar,13.59,US Dollar,Reinvestment,0
2022/09/01 00:18,10,8001F3760,10,8001F3760,184016.94,US Dollar,184016.94,US Dollar,Reinvestment,0
2022/09/01 00:20,3593,8003E10F0,1674,8003DF6C0,0.01,US Dollar,0.01,US Dollar,Cheque,0
2022/09/01 00:25,1362,80025B860,1362,80025B860,10.56,US Dollar,10.56,US Dollar,Reinvestment,0
2022/09/01 00:28,1362,80033B380,1362,80033B380,236847.72,US Dollar,236847.72,US Dollar,Reinvestment,0
2022/09/01 00:06,12,8001A4480,12,8001A4480,30271.15,US Dollar,30271.15,US Dollar,Reinvestment,0
2022/09/01 00:07,11474,800AC9400,1124,814233CC0,16.03,US Dollar,16.03,US Dollar,Credit Card,0
2022/09/01 00:18,10,800325D10,10,800325D10,590029.29,US Dollar,590029.29,US Dollar,Reinvestment,0
2022/09/01 00:07,10,80038B390,10,80038B390,7.65,US Dollar,7.65,US Dollar,Reinvestment,0
2022/09/01 00:02,1362,8001E3BE0,1362,8001E3BE0,36228.31,US Dollar,36228.31,US Dollar,Reinvestment,0
2022/09/01 00:13,1,800149630,1,800149630,164722.64,US Dollar,164722.64,US Dollar,Reinvestment,0
2022/09/01 00:01,10,80019EFB0,10,80019EFB0,2667.86,US Dollar,2667.86,US Dollar,Reinvestment,0
2022/09/01 00:04,1292,800388E10,1292,800388E10,444063.49,US Dollar,444063.49,US Dollar,Reinvestment,0
2022/09/01 00:14,1362,8001ECD70,1362,8001ECD70,82463.83,US Dollar,82463.83,US Dollar,Reinvestment,0
2022/09/01 00:28,70,100428660,10,80036A930,247240.56,US Dollar,247240.56,US Dollar,Cheque,0
2022/09/01 00:04,10,800189F70,10,800189F70,13174.61,US Dollar,13174.61,US Dollar,Reinvestment,0
2022/09/01 00:04,3211,80010BD10,3211,80010BD10,10269.35,US Dollar,10269.35,US Dollar,Reinvestment,0
2022/09/01 00:28,220,800222140,220,800222140,18.12,US Dollar,18.12,US Dollar,Reinvestment,0
2022/09/01 00:00,3470,800312D60,3470,800312D60,11418.77,US Dollar,11418.77,US Dollar,Reinvestment,0
2022/09/01 00:00,1,80040DA80,1,80040DA80,177208.05,US Dollar,177208.05,US Dollar,Cash,0
2022/09/04 16:37,241869,80F390FC0,7548,805284730,11674.83,Euro,11674.83,Euro,ACH,1
2022/09/04 05:03,48309,811C599A0,48309,811C599A0,48649.42,Saudi Riyal,48649.42,Saudi Riyal,ACH,1
2022/09/01 00:05,1688,8003F3C80,1688,8003F3C80,36972.03,US Dollar,36972.03,US Dollar,Reinvestment,0
2022/09/01 00:21,1674,80041DDA0,1674,80041DDA0,79189.53,US Dollar,79189.53,US Dollar,Reinvestment,0
2022/09/01 00:25,31125,8006AF550,31125,8006AF550,43.44,US Dollar,43.44,US Dollar,Reinvestment,0
2022/09/01 00:20,10,80025B410,10,80025B410,3324.02,US Dollar,3324.02,US Dollar,Reinvestment,0
2022/09/01 00:25,10,8002C3410,10,8002C3410,11.32,US Dollar,11.32,US Dollar,Reinvestment,0
2022/09/01 00:27,220,800297BA0,220,800297BA0,8.03,US Dollar,8.03,US Dollar,Reinvestment,0
2022/09/01 00:25,10,8003F3470,10,8003F3470,6.22,US Dollar,6.22,US Dollar,Reinvestment,0
2022/09/01 00:09,3628,80033B5F0,3628,80033B5F0,37526.47,US Dollar,37526.47,US Dollar,Reinvestment,0
2022/09/01 00:19,1,800348A30,1,800348A30,20.48,US Dollar,20.48,US Dollar,Reinvestment,0
2022/09/01 00:21,1467,801227620,6156,802F2FD40,44.54,US Dollar,44.54,US Dollar,Credit Card,0
2022/09/01 00:11,10,8001CB240,10,8001CB240,251776.68,US Dollar,251776.68,US Dollar,Reinvestment,0
2022/09/01 00:02,1,800056160,10,80010BFC0,19821.49,US Dollar,19821.49,US Dollar,ACH,0
2022/09/01 00:26,70,100428660,1,8002F39A0,18911265.78,US Dollar,18911265.78,US Dollar,Cash,0
2022/09/01 00:18,1,8003ACB40,1,8003ACB40,19.76,US Dollar,19.76,US Dollar,Reinvestment,0
2022/09/01 00:17,1729,800407D50,1665,80066ABD0,0.5,US Dollar,0.5,US Dollar,Credit Card,0
2022/09/01 00:00,1362,8003BECC0,1362,8003BECC0,5182637.15,US Dollar,5182637.15,US Dollar,Reinvestment,0
2022/09/01 00:28,1601,80033FF80,1601,80033FF80,11098.06,US Dollar,11098.06,US Dollar,Reinvestment,0
2022/09/01 00:19,1292,8001E47C0,1292,8001E47C0,3801188.54,US Dollar,3801188.54,US Dollar,Reinvestment,0
2022/09/01 00:24,3370,8001FA950,10,8001F9870,43750.48,US Dollar,43750.48,US Dollar,ACH,0
2022/09/01 00:24,10,800118D50,10,800128000,2191.47,US Dollar,2191.47,US Dollar,Cheque,0
2022/09/01 00:25,513,800421140,513,800421140,9.91,US Dollar,9.91,US Dollar,Reinvestment,0
2022/09/01 00:05,1292,80018F430,1292,80018F430,15481.24,US Dollar,15481.24,US Dollar,Reinvestment,0
2022/09/01 00:19,220,8001EFA70,22205,80A343EB0,57.49,US Dollar,57.49,US Dollar,Credit Card,0
2022/09/01 00:25,1362,8002589A0,1362,8002589A0,23.97,US Dollar,23.97,US Dollar,Reinvestment,0
2022/09/01 00:28,1467,800414A40,1467,800414A40,183235.99,US Dollar,183235.99,US Dollar,Reinvestment,0
2022/09/01 00:18,1362,80034DF70,1362,80034DF70,36899.82,US Dollar,36899.82,US Dollar,Reinvestment,0
2022/09/01 00:12,10,8003B1E80,10,8003B1E80,18.41,US Dollar,18.41,US Dollar,Reinvestment,0
2022/09/01 00:29,12,800331F00,12,800331F00,15.8,US Dollar,15.8,US Dollar,Reinvestment,0
2022/09/01 00:20,1,8003D6F80,1,8003D6F80,8.84,US Dollar,8.84,US Dollar,Reinvestment,0
2022/09/01 00:09,21611,800AC9010,21611,800AC9010,3203.2,US Dollar,3203.2,US Dollar,Reinvestment,0
2022/09/01 00:15,3274,800156B90,3274,800156B90,243.21,US Dollar,243.21,US Dollar,Reinvestment,0
2022/09/01 00:05,220,800135370,220,800135370,33878.54,US Dollar,33878.54,US Dollar,Reinvestment,0
2022/09/01 00:21,1601,80033AD80,1601,80033AD80,1860840.27,US Dollar,1860840.27,US Dollar,Reinvestment,0
2022/09/01 00:01,1,80011BD50,1,80011BD50,1214.87,US Dollar,1214.87,US Dollar,Reinvestment,0
2022/09/01 00:13,1467,8002C4B20,1467,8002C4B20,10.77,US Dollar,10.77,US Dollar,Reinvestment,0
2022/09/01 00:09,10,8001523C0,10,8003EDD40,11575.49,US Dollar,11575.49,US Dollar,Credit Card,0
2022/09/01 00:01,1292,8003467C0,1292,8003467C0,123616.22,US Dollar,123616.22,US Dollar,Reinvestment,0
2022/09/01 00:08,10,8001F2180,10,8001F2180,549078.33,US Dollar,549078.33,US Dollar,Reinvestment,0
2022/09/01 00:04,1,8002BC1B0,1,8002BC1B0,20.21,US Dollar,20.21,US Dollar,Reinvestment,0
2022/09/01 00:25,1,800262700,1,800262700,9.91,US Dollar,9.91,US Dollar,Reinvestment,0
2022/09/01 00:25,1292,8003F6BE0,1292,8003F6BE0,19.67,US Dollar,19.67,US Dollar,Reinvestment,0
2022/09/01 00:21,1362,80025B860,220,800423C60,7241.03,US Dollar,7241.03,US Dollar,Credit Card,0
2022/09/01 00:17,1420,8003E13B0,1420,8003E13B0,7.59,US Dollar,7.59,US Dollar,Reinvestment,0
2022/09/01 00:05,1,800223230,1,800223230,7221.1,US Dollar,7221.1,US Dollar,Reinvestment,0
2022/09/01 00:16,1467,8003AE440,1467,8003AE440,1614077.47,US Dollar,1614077.47,US Dollar,Reinvestment,0
2022/09/01 00:14,3420,8002BCD00,3420,8002BCD00,1420.77,US Dollar,1420.77,US Dollar,Reinvestment,0
2022/09/01 00:17,1,80011A2A0,220,80011D000,27443.73,US Dollar,27443.73,US Dollar,Credit Card,0
2022/09/01 00:23,1362,800252EE0,10,800307C80,28799.87,US Dollar,28799.87,US Dollar,Credit Card,0
2022/09/01 00:00,12,8001167D0,12,8001167D0,16.08,US Dollar,16.08,US Dollar,Reinvestment,0
2022/09/01 00:09,1674,8003D00B0,1674,8003D00B0,9157.02,US Dollar,9157.02,US Dollar,Reinvestment,0
2022/09/01 00:12,513,800342B20,513,800342B20,3.97,US Dollar,3.97,US Dollar,Reinvestment,0
2022/09/01 00:27,220,800109DF0,1467,8003E2010,189655.39,US Dollar,189655.39,US Dollar,Cheque,0
2022/09/01 00:05,1047,800416A40,15723,8051B9F40,130.1,US Dollar,130.1,US Dollar,Credit Card,0
2022/09/01 11:28,21174,800737690,1244,80093C0D0,7254.53,US Dollar,7254.53,US Dollar,ACH,1
2022/09/01 00:24,70,100428660,1467,80041C090,31866983.99,US Dollar,31866983.99,US Dollar,Cheque,0
2022/09/01 00:11,23842,8016BA970,23842,8016BA970,24068.17,US Dollar,24068.17,US Dollar,Reinvestment,0
2022/09/01 00:22,3314,8001726B0,3314,8001726B0,23898.74,US Dollar,23898.74,US Dollar,Reinvestment,0
2022/09/01 00:04,12,8001A5230,12,8001A5230,3.81,US Dollar,3.81,US Dollar,Reinvestment,0
2022/09/01 00:01,1,8000F65C0,1,8000F65C0,10.46,US Dollar,10.46,US Dollar,Reinvestment,0
2022/09/01 00:03,220,80033E650,220,80033E650,20.93,US Dollar,20.93,US Dollar,Reinvestment,0
2022/09/01 00:01,10,8003A7490,10,8003A7490,450.93,US Dollar,450.93,US Dollar,Reinvestment,0
2022/09/01 00:02,3420,800217430,3420,800217430,6232.27,US Dollar,6232.27,US Dollar,Reinvestment,0
2022/09/01 00:17,1,8001A8060,1,8001A8060,62736.34,US Dollar,62736.34,US Dollar,Reinvestment,0
2022/09/01 00:00,10,8000F6850,10,8000F6850,99986.94,US Dollar,99986.94,US Dollar,Reinvestment,0
2022/09/01 00:25,1362,800213DC0,1362,800213DC0,8069.58,US Dollar,8069.58,US Dollar,Reinvestment,0
2022/09/01 00:22,1362,80021F410,1362,80021F410,16.32,US Dollar,16.32,US Dollar,Reinvestment,0
2022/09/01 00:16,1665,8003E4940,1665,8003E4940,4.68,US Dollar,4.68,US Dollar,Reinvestment,0
2022/09/01 00:04,21611,800AC9010,1467,801008340,152631.0,US Dollar,152631.0,US Dollar,Cheque,0
2022/09/01 00:25,1,8001E1DE0,12,8001F2380,562462.0,US Dollar,562462.0,US Dollar,Cheque,0
2022/09/01 00:04,10,8003F7BD0,10,8003F7BD0,3553.43,US Dollar,3553.43,US Dollar,Reinvestment,0
2022/09/01 00:10,10,8001758B0,10,8001758B0,13695.44,US Dollar,13695.44,US Dollar,Reinvestment,0
2022/09/01 00:13,1,800042CB0,12,800117590,1037.24,US Dollar,1037.24,US Dollar,Cheque,0
2022/09/01 00:17,1467,8001EE2A0,1467,8001EE2A0,5.57,US Dollar,5.57,US Dollar,Reinvestment,0
2022/09/01 00:16,1,8003F5660,1,8003F5660,108102.63,US Dollar,108102.63,US Dollar,Reinvestment,0
2022/09/01 00:19,10,8002CA270,10,8002CA270,12.18,US Dollar,12.18,US Dollar,Reinvestment,0
2022/09/01 00:05,10,8001742E0,1292,800188040,6014.68,US Dollar,6014.68,US Dollar,ACH,0
2022/09/01 00:15,1674,800AC8E30,1420,801008520,5069.19,US Dollar,5069.19,US Dollar,Cheque,0
2022/09/01 00:15,12,8001F60D0,1588,8003E2690,296328.05,US Dollar,296328.05,US Dollar,Cheque,0
2022/09/01 00:24,10,800164070,10,800164070,5.72,US Dollar,5.72,US Dollar,Reinvestment,0
2022/09/01 00:10,10,800059840,10,800059840,401.34,US Dollar,401.34,US Dollar,Cash,0
2022/09/01 00:22,1292,8001C9D30,1292,8001C9D30,16774.18,US Dollar,16774.18,US Dollar,Reinvestment,0
2022/09/01 00:06,10,8001E7270,10,8001E7270,3.16,US Dollar,3.16,US Dollar,Reinvestment,0
2022/09/01 00:10,12,8003DE240,12,8003DE240,16662.89,US Dollar,16662.89,US Dollar,Reinvestment,0
2022/09/01 00:24,220,800263410,220,800263410,162408.92,US Dollar,162408.92,US Dollar,Reinvestment,0
2022/09/01 00:17,10,8001074F0,12,800145390,5513602.04,US Dollar,5513602.04,US Dollar,Cash,0
2022/09/01 00:27,10,80011AE70,10,80011AE70,9.85,US Dollar,9.85,US Dollar,Reinvestment,0
2022/09/01 00:26,1,8003E9800,1,8003E9800,9323.63,US Dollar,9323.63,US Dollar,Reinvestment,0
2022/09/01 00:18,1,80010DEA0,1,80010DEA0,22.8,US Dollar,22.8,US Dollar,Reinvestment,0
2022/09/01 00:25,3437,8003125F0,3437,8003125F0,12182.44,US Dollar,12182.44,US Dollar,Reinvestment,0
2022/09/01 00:04,10,800422350,10,800422350,4949931.69,US Dollar,4949931.69,US Dollar,Reinvestment,0
2022/09/01 00:09,70,100428738,10656,8044072A0,37080124.05,Yen,37080124.05,Yen,Cheque,1
2022/09/01 00:10,10,8003F6E60,10,8003F6E60,6.48,US Dollar,6.48,US Dollar,Reinvestment,0
2022/09/01 00:17,220,8001C8C50,220,8001C8C50,101207.78,US Dollar,101207.78,US Dollar,Reinvestment,0
2022/09/01 00:26,10,800263960,10,800263960,21.14,US Dollar,21.14,US Dollar,Reinvestment,0
2022/09/01 00:20,21174,801886770,226657,812B06600,32.2,US Dollar,32.2,US Dollar,Credit Card,0
2022/09/01 00:23,1,8001111F0,1,8001111F0,3666.32,US Dollar,3666.32,US Dollar,Reinvestment,0
2022/09/01 00:14,70,100428660,220,800190EB0,22605.52,US Dollar,22605.52,US Dollar,Cheque,0
2022/09/01 00:05,10,8001C7260,10,800250DA0,20474.47,US Dollar,20474.47,US Dollar,Cash,0
2022/09/01 00:09,1467,80025F840,1467,80025F840,112295.75,US Dollar,112295.75,US Dollar,Reinvestment,0
2022/09/01 00:04,10,800145AC0,11642,80DF8D850,2.79,US Dollar,2.79,US Dollar,Credit Card,0
2022/09/01 00:29,10,800199C60,10,800199C60,1861.78,US Dollar,1861.78,US Dollar,Credit Card,0
2022/09/01 00:22,12,8003DC340,12,8003DC340,270184.36,US Dollar,270184.36,US Dollar,Reinvestment,0
2022/09/01 00:13,220,8002C60E0,220,8002C60E0,1259.83,US Dollar,1259.83,US Dollar,Reinvestment,0
2022/09/01 00:21,1420,8003F0CC0,1420,8003F0CC0,9.89,US Dollar,9.89,US Dollar,Reinvestment,0
2022/09/01 00:12,12,8001F8C20,12,8001F8C20,21.75,US Dollar,21.75,US Dollar,Reinvestment,0
2022/09/01 00:03,70,100428660,113798,80DC756E0,13171425.53,US Dollar,13171425.53,US Dollar,Cheque,1
2022/09/01 00:13,10,8003234C0,11405,8024EB6D0,31.33,US Dollar,31.33,US Dollar,Credit Card,0
2022/09/01 00:07,10,8002FF540,10,8002FF540,141275.83,US Dollar,141275.83,US Dollar,Reinvestment,0
2022/09/01 00:02,1,800157300,1,800157300,16.29,US Dollar,16.29,US Dollar,Reinvestment,0
2022/09/01 00:28,220,800115860,220,800115860,3.53,US Dollar,3.53,US Dollar,Reinvestment,0
2022/09/01 00:23,231004,812EE86F0,21940,812EE89C0,3401.73,US Dollar,3401.73,US Dollar,ACH,1
2022/09/01 00:25,12,800059230,12,800059230,77285.26,US Dollar,77285.26,US Dollar,Reinvestment,0
2022/09/01 00:09,1467,80033C660,1467,80033C660,1836557.89,US Dollar,1836557.89,US Dollar,Reinvestment,0
2022/09/01 00:01,10,800174D50,10,800174D50,2448390.29,US Dollar,2448390.29,US Dollar,Reinvestment,0
2022/09/01 00:13,12,80005A2A0,12,80005A2A0,261681.48,US Dollar,261681.48,US Dollar,Reinvestment,0
2022/09/01 19:27,150240,812D22980,48309,811C599A0,5971.98,Saudi Riyal,5971.98,Saudi Riyal,ACH,1
2022/09/01 00:21,10,800171EA0,10,800171EA0,14.24,US Dollar,14.24,US Dollar,Reinvestment,0
2022/09/01 00:24,10,80005E100,10,80005E100,36.56,US Dollar,36.56,US Dollar,Cash,0
2022/09/01 00:17,3274,8001F5C20,3274,8001F5C20,5714.03,US Dollar,5714.03,US Dollar,Reinvestment,0
2022/09/01 00:00,10,8002BA920,30851,80B473A70,6.53,US Dollar,6.53,US Dollar,Credit Card,0
2022/09/01 00:20,1601,8003286C0,1601,8003286C0,14447.1,US Dollar,14447.1,US Dollar,Reinvestment,0
2022/09/01 00:09,1420,8003E3C00,1420,800404E00,3205.46,US Dollar,3205.46,US Dollar,Cheque,0
2022/09/01 00:01,10,8002132A0,10,8002132A0,446.32,US Dollar,446.32,US Dollar,Reinvestment,0
2022/09/01 00:16,1467,80038E6F0,1467,80038E6F0,131985.29,US Dollar,131985.29,US Dollar,Reinvestment,0
2022/09/01 00:12,220,8001325C0,1588,8003C0700,321.51,US Dollar,321.51,US Dollar,Cash,0
2022/09/01 00:23,1362,800428E90,1362,800428E90,3.55,US Dollar,3.55,US Dollar,Reinvestment,0
2022/09/01 00:18,12,8001A37B0,12,8001A37B0,665644.14,US Dollar,665644.14,US Dollar,Reinvestment,0
2022/09/01 00:10,1,8001A9900,12,8002FC5B0,42.36,US Dollar,42.36,US Dollar,Cheque,0
2022/09/01 00:22,10,80005E380,10,8001146D0,6950.29,US Dollar,6950.29,US Dollar,Cheque,0
2022/09/01 00:01,1,8001AB940,1,8001AB940,15.77,US Dollar,15.77,US Dollar,Reinvestment,0
2022/09/01 00:08,1588,80034DC00,1467,81276A970,149.83,US Dollar,149.83,US Dollar,Credit Card,0
2022/09/01 00:11,10,80014B530,10,80014B530,72055.51,US Dollar,72055.51,US Dollar,Reinvestment,0
2022/09/01 00:03,3210,80018D290,3210,80018D290,8681.86,US Dollar,8681.86,US Dollar,Reinvestment,0
2022/09/01 00:22,1420,800426970,1420,800426970,536847.5,US Dollar,536847.5,US Dollar,Reinvestment,0
2022/09/01 00:17,220,800187940,216645,80DE37390,73.56,US Dollar,73.56,US Dollar,Credit Card,0
2022/09/01 00:17,1,8002B5940,1,8002B5940,11.44,US Dollar,11.44,US Dollar,Reinvestment,0
2022/09/01 00:05,220,8001C6100,220,8001C6100,35627.13,US Dollar,35627.13,US Dollar,Reinvestment,0
2022/09/01 00:25,70,100428660,10,800059F50,5105.92,US Dollar,5105.92,US Dollar,Cheque,0
2022/09/01 00:04,220,8002BA6F0,10,8002BA920,6228476.0,US Dollar,6228476.0,US Dollar,Cheque,0
2022/09/01 00:18,1,800335550,1,800335550,16.56,US Dollar,16.56,US Dollar,Reinvestment,0
2022/09/01 00:13,513,800330A90,513,800330A90,9.82,US Dollar,9.82,US Dollar,Reinvestment,0
2022/09/04 04:56,220271,81114D580,13145,809BD8BC0,9743.15,US Dollar,9743.15,US Dollar,ACH,1
2022/09/01 00:12,70,1004286A8,24144,80D9B69A0,8873.07,Euro,8873.07,Euro,Cash,1
2022/09/01 00:02,1411,800AC9E20,1124,814233CC0,146.97,US Dollar,146.97,US Dollar,Credit Card,0
2022/09/01 00:26,10,80016DF20,10,80016DF20,9353.73,US Dollar,9353.73,US Dollar,Reinvestment,0
2022/09/01 00:26,1,8001F0450,1,8001F0450,674655.24,US Dollar,674655.24,US Dollar,Reinvestment,0
2022/09/01 00:18,1,80034B060,1,80034B060,42195.33,US Dollar,42195.33,US Dollar,Reinvestment,0
2022/09/03 14:28,1047,8031B5390,241869,80F390FC0,12427.99,Swiss Franc,12427.99,Swiss Franc,ACH,1
2022/09/01 00:08,1292,8003BCF50,1292,8003BCF50,15.89,US Dollar,15.89,US Dollar,Reinvestment,0
2022/09/01 00:15,513,8003BD920,513,8003BD920,1594503.78,US Dollar,1594503.78,US Dollar,Reinvestment,0
2022/09/01 00:15,220,8003F4450,220,8003F4450,59186.33,US Dollar,59186.33,US Dollar,Reinvestment,0
2022/09/01 00:19,1,8003D6F80,1,8003D6F80,10711.77,US Dollar,10711.77,US Dollar,Reinvestment,0
2022/09/01 00:10,1420,8003AD860,1420,8003AD860,11.48,US Dollar,11.48,US Dollar,Reinvestment,0
2022/09/01 00:07,1362,8002B9740,1362,8002B9740,11.65,US Dollar,11.65,US Dollar,Reinvestment,0
2022/09/01 00:22,1,800128AC0,10,80012AB70,24756.1,US Dollar,24756.1,US Dollar,Credit Card,0
2022/09/01 00:08,1588,8003B64F0,1588,8003B64F0,4.03,US Dollar,4.03,US Dollar,Reinvestment,0
2022/09/01 00:04,1292,8004030A0,1292,8004030A0,4.51,US Dollar,4.51,US Dollar,Reinvestment,0
2022/09/01 00:02,220,80026B6A0,220,80026B6A0,675192.17,US Dollar,675192.17,US Dollar,Reinvestment,0
2022/09/01 00:14,1467,80026CE40,1467,80026CE40,776.31,US Dollar,776.31,US Dollar,Reinvestment,0
2022/09/01 00:23,1601,80032AF80,1601,80032AF80,14.35,US Dollar,14.35,US Dollar,Reinvestment,0
2022/09/01 00:04,3432,80033F590,3432,80033F590,1569.12,US Dollar,1569.12,US Dollar,Reinvestment,0
2022/09/01 00:06,220,8002BBBC0,1665,8003DAEE0,1348062.98,US Dollar,1348062.98,US Dollar,Wire,0
2022/09/01 00:26,12,8001A4930,12,8001A4930,4.86,US Dollar,4.86,US Dollar,Reinvestment,0
2022/09/01 00:02,1,800128AC0,10,80012AB70,773.43,US Dollar,773.43,US Dollar,ACH,0
2022/09/01 15:25,3051,8012E62B0,241869,80F390FC0,13315.35,Swiss Franc,13315.35,Swiss Franc,ACH,1
2022/09/01 00:20,70,100428978,141312,80FC59DE0,56042.84,Swiss Franc,56042.84,Swiss Franc,Cheque,1
2022/09/01 00:25,10,80038FC30,10,80038FC30,1626.37,US Dollar,1626.37,US Dollar,Reinvestment,0
2022/09/01 00:14,220,800160E00,220,800160E00,4313.88,US Dollar,4313.88,US Dollar,Reinvestment,0
2022/09/01 00:17,3685,8003F5F50,3685,8003F5F50,5173.44,US Dollar,5173.44,US Dollar,Reinvestment,0
2022/09/01 10:19,18617,8038D3520,24482,801C0F2B0,13712.96,Euro,13712.96,Euro,ACH,1
2022/09/01 00:14,10,80019EFB0,10,80019EFB0,8.05,US Dollar,8.05,US Dollar,Reinvestment,0
2022/09/01 00:04,1,8001082E0,1,8001082E0,9690.68,US Dollar,9690.68,US Dollar,Reinvestment,0
2022/09/01 00:14,12,8001A4930,1,8001C9F20,2775.13,US Dollar,2775.13,US Dollar,Cash,0
2022/09/01 00:19,1,800189670,1,800189670,3.77,US Dollar,3.77,US Dollar,Reinvestment,0
2022/09/01 00:26,70,1004286A8,2591,800926A30,37145.3,Euro,37145.3,Euro,Cheque,1
2022/09/01 00:23,1,8001EB780,1,8001EB780,4561.68,US Dollar,4561.68,US Dollar,Reinvestment,0
2022/09/01 00:04,220,80024DB90,220,80024DB90,114762.26,US Dollar,114762.26,US Dollar,Reinvestment,0
2022/09/01 00:22,12,80011B620,12,80011B620,11142.82,US Dollar,11142.82,US Dollar,Reinvestment,0
2022/09/01 00:45,70,1004286A8,111326,812BD4500,4943.97,Euro,4943.97,Euro,Cheque,1
2022/09/01 00:01,3552,8003E8E80,3552,8003E8E80,645.61,US Dollar,645.61,US Dollar,Reinvestment,0
2022/09/01 00:08,1,8000EBAC0,1,8000EBAC0,14.26,US Dollar,14.26,US Dollar,Reinvestment,0
2022/09/01 00:15,10,800118D50,10,800128000,10322.13,US Dollar,10322.13,US Dollar,Wire,0
2022/09/01 00:05,1,8000F7850,1467,80027F1C0,3099.95,US Dollar,3099.95,US Dollar,Cheque,0
2022/09/01 00:13,10,80005AD90,10,80005AD90,22.13,US Dollar,22.13,US Dollar,Reinvestment,0
2022/09/01 00:14,10,800056660,10,800056660,14.84,US Dollar,14.84,US Dollar,Reinvestment,0
2022/09/01 00:00,1,8003E9800,1,8003E9800,6.73,US Dollar,6.73,US Dollar,Reinvestment,0
2022/09/01 00:25,1362,8002BCA10,24032,808EBB820,22.77,US Dollar,22.77,US Dollar,Credit Card,0
2022/09/01 00:17,220,8001E9150,220,8001E9150,1087.95,US Dollar,1087.95,US Dollar,Reinvestment,0
2022/09/01 00:09,1292,8003AFEA0,1292,8003AFEA0,21622.52,US Dollar,21622.52,US Dollar,Reinvestment,0
2022/09/01 00:01,1292,8003AF240,1292,8003AF240,16.73,US Dollar,16.73,US Dollar,Reinvestment,0
2022/09/01 00:26,70,100428660,1665,8003C71D0,10909.54,US Dollar,10909.54,US Dollar,Cheque,0
2022/09/01 00:28,10,80015F8E0,10,80015F8E0,4421.23,US Dollar,4421.23,US Dollar,Reinvestment,0
2022/09/01 00:23,10,80005B110,10,80005B110,18.48,US Dollar,18.48,US Dollar,Reinvestment,0
2022/09/01 00:28,10,80015FF20,10,80015FF20,5727.08,US Dollar,5727.08,US Dollar,Reinvestment,0
2022/09/01 00:16,1420,80034F0A0,1420,80034F0A0,24.59,US Dollar,24.59,US Dollar,Reinvestment,0
2022/09/01 00:00,10,80016CCE0,10,80016CCE0,9.63,US Dollar,9.63,US Dollar,Reinvestment,0
2022/09/01 00:18,1665,800420580,1665,800420580,3.62,US Dollar,3.62,US Dollar,Reinvestment,0
2022/09/01 00:13,70,100428660,1,800199240,5568.82,US Dollar,5568.82,US Dollar,Cash,0
2022/09/01 00:12,220,800338720,220,800338720,1053.46,US Dollar,1053.46,US Dollar,Reinvestment,0
2022/09/01 00:23,12,800257810,12,800257810,11.84,US Dollar,11.84,US Dollar,Reinvestment,0
2022/09/01 00:07,1,80032AFD0,1,80032AFD0,24.56,US Dollar,24.56,US Dollar,Reinvestment,0
2022/09/04 19:11,214050,80537F610,17554,806C8F2A0,349281.29,Ruble,349281.29,Ruble,ACH,1
2022/09/01 00:10,513,8003116A0,513,8003116A0,16.33,US Dollar,16.33,US Dollar,Reinvestment,0
2022/09/01 01:27,3242,801BF9690,22828,801BFA830,1609.83,US Dollar,1609.83,US Dollar,ACH,1
2022/09/01 00:24,1,8001A4F40,1,8001A4F40,335946.23,US Dollar,335946.23,US Dollar,Reinvestment,0
2022/09/01 00:22,1,8001093C0,1,8001093C0,29557.26,US Dollar,29557.26,US Dollar,Reinvestment,0
2022/09/01 00:18,12,8002BB390,12,8002BB390,10.97,US Dollar,10.97,US Dollar,Reinvestment,0
2022/09/01 00:13,220,80010C2F0,12,80012A760,7104381.9,US Dollar,7104381.9,US Dollar,Cash,0
2022/09/01 00:06,10,8002BD6F0,10,8002BD6F0,21188.32,US Dollar,21188.32,US Dollar,Reinvestment,0
2022/09/01 00:23,1467,8002C64E0,1467,8002C64E0,28239.34,US Dollar,28239.34,US Dollar,Reinvestment,0
2022/09/01 00:21,1,8001F95B0,115363,81327AF60,144.66,US Dollar,144.66,US Dollar,Credit Card,0
2022/09/01 00:02,1,80039D920,1,80039D920,445013.37,US Dollar,445013.37,US Dollar,Reinvestment,0
2022/09/01 00:04,1,8000F4510,11813,8011305D0,9.82,US Dollar,9.82,US Dollar,Credit Card,0
2022/09/04 14:59,48309,811C599A0,119,811C597B0,64379.45,Saudi Riyal,64379.45,Saudi Riyal,ACH,1
2022/09/01 00:16,908,8005FB700,143995,813600910,3.16,US Dollar,3.16,US Dollar,Credit Card,0
2022/09/01 00:16,10,800052F90,10,800052F90,1111098.7,US Dollar,1111098.7,US Dollar,Reinvestment,0
2022/09/01 00:33,70,100428978,241121,80F1D73F0,504.96,Swiss Franc,504.96,Swiss Franc,Cheque,1
2022/09/01 00:00,1,8001409E0,10,800173690,4743.61,US Dollar,4743.61,US Dollar,Cheque,0
2022/09/03 04:39,14099,801F8CCB0,24144,801C92FF0,14819.83,Euro,14819.83,Euro,ACH,1
2022/09/01 00:20,1674,8003E4CF0,1674,8003E4CF0,6345.59,US Dollar,6345.59,US Dollar,Reinvestment,0
2022/09/01 00:28,220,8003A7770,220,8003A7770,5594.03,US Dollar,5594.03,US Dollar,Reinvestment,0
2022/09/01 00:26,23833,8018859B0,23833,8018859B0,3231020.27,US Dollar,3231020.27,US Dollar,Reinvestment,0
2022/09/01 00:05,11157,800ACA9C0,11157,800ACA9C0,192154.42,US Dollar,192154.42,US Dollar,Reinvestment,0
2022/09/01 00:06,3370,800216840,3370,800216840,35.29,US Dollar,35.29,US Dollar,Reinvestment,0
2022/09/01 00:12,1,800140320,1,800140320,408722.4,US Dollar,408722.4,US Dollar,Reinvestment,0
2022/09/01 00:26,10,800058100,1688,8005FD430,159271.0,US Dollar,159271.0,US Dollar,ACH,0
2022/09/02 07:29,28183,80BF4C160,241869,80F390FC0,295.9,Swiss Franc,295.9,Swiss Franc,ACH,1
2022/09/01 00:19,3744,800417A60,3744,800417A60,22.79,US Dollar,22.79,US Dollar,Reinvestment,0
2022/09/01 00:27,1,8003114D0,1588,8003A5320,16646.92,US Dollar,16646.92,US Dollar,Cheque,0
2022/09/01 00:12,220,800171E00,220,800171E00,718536.03,US Dollar,718536.03,US Dollar,Reinvestment,0
2022/09/01 00:29,10,8003C3DA0,1420,8002FD7B0,5015383.04,US Dollar,5015383.04,US Dollar,Cash,0
2022/09/01 00:27,70,100428660,1362,80025B860,3686.36,US Dollar,3686.36,US Dollar,Cash,0
2022/09/01 00:28,12,80141ED50,23885,805DEB4F0,77.15,US Dollar,77.15,US Dollar,Credit Card,0
2022/09/01 00:11,10,8000ED4A0,10,8000ED4A0,436.68,US Dollar,436.68,US Dollar,Reinvestment,0
2022/09/01 00:19,1,8001545F0,1,8001545F0,185601.82,US Dollar,185601.82,US Dollar,Reinvestment,0
2022/09/01 00:00,1588,800325BD0,1588,800325BD0,809787.39,US Dollar,809787.39,US Dollar,Reinvestment,0
2022/09/01 00:28,1362,80021C0B0,1362,80021C0B0,1444.37,US Dollar,1444.37,US Dollar,Reinvestment,0
2022/09/01 00:19,1,8001A9900,12,8002FC5B0,177.41,US Dollar,177.41,US Dollar,Credit Card,0
2022/09/01 01:52,70,1004286A8,234222,80DA92320,7.92,Euro,7.92,Euro,Cheque,1
2022/09/01 00:15,1362,800404620,1362,800404620,20055.63,US Dollar,20055.63,US Dollar,Reinvestment,0
2022/09/01 00:01,1,8001CEB90,1,8001CEB90,17.25,US Dollar,17.25,US Dollar,Reinvestment,0
2022/09/01 00:16,220,8001C8C51,1420,8003093C1,0.025852,Bitcoin,0.025852,Bitcoin,Bitcoin,0
2022/09/01 00:00,3209,8000F4670,3209,8000F4670,14675.57,US Dollar,14675.57,US Dollar,Reinvestment,0
2022/09/01 00:08,1,80014F510,2952,801A199F0,188.12,US Dollar,188.12,US Dollar,Credit Card,0
2022/09/02 12:47,24850,80A09CF50,23833,8067AD0A0,4646.02,US Dollar,4646.02,US Dollar,ACH,1
2022/09/01 00:15,3546,8003E3F90,3546,8003E3F90,7394.05,US Dollar,7394.05,US Dollar,Reinvestment,0
2022/09/01 00:08,1292,800302F00,1292,800302F00,14.13,US Dollar,14.13,US Dollar,Reinvestment,0
2022/09/01 00:16,12,8001F2380,16031,8121E3300,77.93,US Dollar,77.93,US Dollar,Credit Card,0
2022/09/01 00:21,1688,8003D8910,1688,8003D8910,2366.12,US Dollar,2366.12,US Dollar,Reinvestment,0
2022/09/01 00:24,1665,8003C71D0,1665,8003C71D0,34046.58,US Dollar,34046.58,US Dollar,Reinvestment,0
2022/09/01 00:09,1420,8003BAAF0,1420,8003BAAF0,16.6,US Dollar,16.6,US Dollar,Reinvestment,0
2022/09/01 00:13,1,8001DDFC0,1,8001DDFC0,17.9,US Dollar,17.9,US Dollar,Reinvestment,0
2022/09/01 00:11,1292,800213AD0,220,80025CF70,7612.85,US Dollar,7612.85,US Dollar,Credit Card,0
2022/09/01 00:06,3246,80013C320,3246,80013C320,79.96,US Dollar,79.96,US Dollar,Reinvestment,0
2022/09/01 00:20,1,80005C0A0,1,80005C0A0,4735.15,US Dollar,4735.15,US Dollar,Reinvestment,0
2022/09/01 00:04,1588,80034E600,1588,80034E600,20.51,US Dollar,20.51,US Dollar,Reinvestment,0
2022/09/01 00:16,1,8000F7850,1,8001003A0,1544.01,US Dollar,1544.01,US Dollar,Cheque,0
2022/09/01 00:20,10,8002D1460,10,8002D1460,310688.04,US Dollar,310688.04,US Dollar,Reinvestment,0
2022/09/01 00:00,1420,8005DFEB0,1420,8005DFEB0,897.37,US Dollar,897.37,US Dollar,Reinvestment,0
2022/09/01 00:09,10,80011D3F0,10,8003B5DC0,1686.7,US Dollar,1686.7,US Dollar,Credit Card,0
2022/09/01 00:04,12,8001A7E70,12,8001A7E70,894293.97,US Dollar,894293.97,US Dollar,Reinvestment,0
2022/09/01 00:29,12,8000ED150,12,8000ED150,9.82,US Dollar,9.82,US Dollar,Reinvestment,0
2022/09/01 00:25,513,80032A390,513,80032A390,31676.3,US Dollar,31676.3,US Dollar,Reinvestment,0
2022/09/01 00:17,1,800424DC0,1,800424DC0,23435.53,US Dollar,23435.53,US Dollar,Reinvestment,0
2022/09/01 01:09,19329,80DEF3AB0,213952,80DEF52A0,598.5,US Dollar,598.5,US Dollar,ACH,1
2022/09/03 12:08,71,804ABCE90,213737,805494C30,621578.18,Rupee,621578.18,Rupee,ACH,1
2022/09/01 00:05,1362,80034A530,1362,80034A530,43290.92,US Dollar,43290.92,US Dollar,Reinvestment,0
2022/09/01 00:05,10,8003C3DA0,1420,8002FD7B0,1699516.66,US Dollar,1699516.66,US Dollar,Cheque,0
2022/09/01 00:21,1,8001545F0,1,8001545F0,10.75,US Dollar,10.75,US Dollar,Reinvestment,0
2022/09/01 00:04,12,8001A4930,1,8001C9F20,31481.98,US Dollar,31481.98,US Dollar,Cheque,0
2022/09/01 00:14,70,100428660,1665,8003F8640,10519.21,US Dollar,10519.21,US Dollar,Credit Card,0
2022/09/01 00:13,12,800106D00,1588,800325CC0,14624709.73,US Dollar,14624709.73,US Dollar,Cheque,0
2022/09/01 00:21,70,100428660,1124,800825340,389769.39,US Dollar,389769.39,US Dollar,Cheque,1
2022/09/01 00:20,3624,800345650,3624,800345650,1160.61,US Dollar,1160.61,US Dollar,Reinvestment,0
2022/09/01 00:13,10,8002B76B0,10,8002B76B0,613.56,US Dollar,613.56,US Dollar,Reinvestment,0
2022/09/01 00:27,1420,80024CDE0,10,8002B9030,1530.7,US Dollar,1530.7,US Dollar,Cheque,0
2022/09/01 00:03,1,8003011F0,1,8003011F0,12.98,US Dollar,12.98,US Dollar,Reinvestment,0
2022/09/03 03:54,129974,80FE25690,241869,80F390FC0,9547.03,Swiss Franc,9547.03,Swiss Franc,ACH,1
2022/09/01 00:05,1,800143B00,513,8003231B0,196.33,US Dollar,196.33,US Dollar,Cash,0
2022/09/01 00:09,12,8001A8960,12,8001A8960,4.53,US Dollar,4.53,US Dollar,Reinvestment,0
2022/09/01 00:15,12,8004169A0,242295,8139B5370,33.82,US Dollar,33.82,US Dollar,Credit Card,0
2022/09/01 00:16,3211,80022AF40,3211,80022AF40,2105.71,US Dollar,2105.71,US Dollar,Reinvestment,0
2022/09/01 00:09,3374,8001DA0E0,3374,8001DA0E0,10558.74,US Dollar,10558.74,US Dollar,Reinvestment,0
2022/09/01 00:20,220,8004227C0,1,8004228B0,1419899.0,US Dollar,1419899.0,US Dollar,Cheque,0
2022/09/01 00:05,10,800309180,10,800309180,1807.95,US Dollar,1807.95,US Dollar,Reinvestment,0
2022/09/01 00:25,10,8002670F0,1292,8003AEA10,12970.55,US Dollar,12970.55,US Dollar,ACH,0
2022/09/01 00:02,1,800392CB0,1,800392CB0,27415.33,US Dollar,27415.33,US Dollar,Reinvestment,0
2022/09/01 00:00,220,800132390,220,800132390,19.23,US Dollar,19.23,US Dollar,Reinvestment,0
2022/09/01 00:17,220,8002BBBC0,1665,8003DAEE0,25534.62,US Dollar,25534.62,US Dollar,Credit Card,0
2022/09/01 00:17,1467,80032BCD0,1467,80032BCD0,153974.99,US Dollar,153974.99,US Dollar,Reinvestment,0
2022/09/01 00:16,1,8002B62D0,1362,80033B380,191.44,US Dollar,191.44,US Dollar,Credit Card,0
2022/09/01 00:06,10,8000F5200,10,8000F5200,36682.97,US Dollar,36682.97,US Dollar,Reinvestment,0
2022/09/01 00:29,1,8001AADD0,1,8001AADD0,10.05,US Dollar,10.05,US Dollar,Reinvestment,0
2022/09/01 00:09,10,800330360,10,800330360,51742705.44,US Dollar,51742705.44,US Dollar,Reinvestment,0
2022/09/01 00:19,10,8001F5A30,10,8001F5A30,9.23,US Dollar,9.23,US Dollar,Reinvestment,0
2022/09/04 09:31,2845,801E2BC20,220504,807E97240,230.27,UK Pound,230.27,UK Pound,ACH,1
2022/09/01 00:17,1,800218810,1,800218810,24.29,US Dollar,24.29,US Dollar,Reinvestment,0
2022/09/01 00:14,513,80033DB40,513,80033DB40,4590.26,US Dollar,4590.26,US Dollar,Reinvestment,0
2022/09/01 00:28,10,800059840,10,800059840,167.41,US Dollar,167.41,US Dollar,Cheque,0
2022/09/01 00:08,1467,801008340,111764,8082250C0,16.9,US Dollar,16.9,US Dollar,Credit Card,0
2022/09/01 00:15,1362,80028CB40,1362,80028CB40,383096.75,US Dollar,383096.75,US Dollar,Reinvestment,0
2022/09/01 00:14,12,800043C00,12,800132080,4557.73,US Dollar,4557.73,US Dollar,Cash,0
2022/09/01 00:22,3593,80038A620,1,80038D9F0,0.01,US Dollar,0.01,US Dollar,Cash,0
2022/09/01 00:25,1362,8002B9880,1362,8002B9880,485.06,US Dollar,485.06,US Dollar,Reinvestment,0
2022/09/01 00:05,1588,8003E1930,1588,8003E1930,4024.95,US Dollar,4024.95,US Dollar,Reinvestment,0
2022/09/01 00:11,1362,80032A700,1362,80032A700,3.73,US Dollar,3.73,US Dollar,Reinvestment,0
2022/09/01 00:05,10,8001CF7B0,1601,800347980,4828.14,US Dollar,4828.14,US Dollar,Credit Card,0
2022/09/01 00:11,1467,80030B570,1467,80030B570,6.41,US Dollar,6.41,US Dollar,Reinvestment,0
2022/09/01 04:33,21174,800737690,20,80020C5B0,8630.4,Euro,8630.4,Euro,ACH,1
2022/09/01 00:23,1,800155BB0,1,800155BB0,22.58,US Dollar,22.58,US Dollar,Reinvestment,0
2022/09/01 00:00,10,80005AD90,1,8001C6920,65669.07,US Dollar,65669.07,US Dollar,Cheque,0
2022/09/01 00:20,12,8000F42A0,12,8000F42A0,524928.98,US Dollar,524928.98,US Dollar,Reinvestment,0
2022/09/01 00:08,12,800223C90,12,800223C90,22.93,US Dollar,22.93,US Dollar,Reinvestment,0
2022/09/01 00:24,12,80013C0F0,12,80013C0F0,4.84,US Dollar,4.84,US Dollar,Reinvestment,0
2022/09/01 00:00,3432,800222280,3432,800222280,2115.85,US Dollar,2115.85,US Dollar,Reinvestment,0
2022/09/01 00:23,1420,8002258B0,1420,8002258B0,23.95,US Dollar,23.95,US Dollar,Reinvestment,0
2022/09/01 00:11,1420,8003D51D0,1420,8003D51D0,19717.08,US Dollar,19717.08,US Dollar,Reinvestment,0
2022/09/01 00:15,220,8003035C0,220,8003035C0,346.81,US Dollar,346.81,US Dollar,Reinvestment,0
2022/09/01 00:12,220,800157940,220,800157940,1842.62,US Dollar,1842.62,US Dollar,Reinvestment,0
2022/09/01 00:06,10,80030B3E0,10,80030B3E0,14.02,US Dollar,14.02,US Dollar,Reinvestment,0
2022/09/01 00:27,10,8001523C0,10,8003EDD40,3830.93,US Dollar,3830.93,US Dollar,Cheque,0
2022/09/01 00:28,3553,8002C56D0,3553,8002C56D0,828.41,US Dollar,828.41,US Dollar,Reinvestment,0
2022/09/01 00:20,3472,800254670,3472,800254670,14650.2,US Dollar,14650.2,US Dollar,Reinvestment,0
2022/09/01 00:07,220,80013EE90,220,80013EE90,15.58,US Dollar,15.58,US Dollar,Reinvestment,0
2022/09/01 00:22,1292,8001CFB50,1292,8001CFB50,16.45,US Dollar,16.45,US Dollar,Reinvestment,0
2022/09/01 00:29,12,8003DFF30,4403,802650080,21.84,US Dollar,21.84,US Dollar,Credit Card,0
2022/09/01 00:11,220,80021FFF0,220,80021FFF0,197031.97,US Dollar,197031.97,US Dollar,Reinvestment,0
2022/09/01 00:22,12,800137450,12,8001CF680,447.61,US Dollar,447.61,US Dollar,Cash,0
2022/09/01 00:26,1292,800170250,1292,800170250,11.12,US Dollar,11.12,US Dollar,Reinvestment,0
2022/09/01 00:25,1,8001275E0,1420,8002ED740,12055.59,US Dollar,12055.59,US Dollar,Credit Card,0
2022/09/01 00:04,1292,8001B5340,1292,8001B5340,3260.13,US Dollar,3260.13,US Dollar,Reinvestment,0
2022/09/01 00:13,1601,80034BC10,1601,80034BC10,12.32,US Dollar,12.32,US Dollar,Reinvestment,0
2022/09/01 00:16,1,800252D10,1,800345910,4728.39,US Dollar,4728.39,US Dollar,Credit Card,0
2022/09/01 00:25,10,8002BFE60,10,8002BFE60,3.47,US Dollar,3.47,US Dollar,Reinvestment,0
2022/09/01 00:06,1467,80026CE40,1467,80026CE40,13.34,US Dollar,13.34,US Dollar,Reinvestment,0
2022/09/01 00:07,12,800043C00,12,800132080,8612.46,US Dollar,8612.46,US Dollar,Cheque,0
2022/09/01 00:07,3278,8001A4F90,3278,8001A4F90,3009.8,US Dollar,3009.8,US Dollar,Reinvestment,0
2022/09/01 00:11,1292,8001EDEE0,1292,8001EDEE0,15.8,US Dollar,15.8,US Dollar,Reinvestment,0
2022/09/01 00:03,1,8000F8AB0,1,8000F8AB0,17.05,US Dollar,17.05,US Dollar,Reinvestment,0
2022/09/01 00:02,1,80005E740,1362,800256180,23290.53,US Dollar,23290.53,US Dollar,Cash,0
2022/09/01 00:25,1292,8001E5FA0,1292,8001E5FA0,16.24,US Dollar,16.24,US Dollar,Reinvestment,0
2022/09/01 00:11,1292,8001CFB50,1292,8001CFB50,4840.02,US Dollar,4840.02,US Dollar,Reinvestment,0
2022/09/01 00:11,10,800268440,10,800268440,2014.21,US Dollar,2014.21,US Dollar,Reinvestment,0
2022/09/01 00:17,1292,800257E40,1292,800257E40,11.8,US Dollar,11.8,US Dollar,Reinvestment,0
2022/09/01 00:11,1467,8001EE570,1467,8001EE570,3013.67,US Dollar,3013.67,US Dollar,Reinvestment,0
2022/09/01 00:27,1,800392630,1,800392630,34118.51,US Dollar,34118.51,US Dollar,Reinvestment,0
2022/09/01 00:08,1588,8001EE250,1588,8001EE250,1548.36,US Dollar,1548.36,US Dollar,Reinvestment,0
2022/09/01 00:20,1588,800392EE0,1588,800392EE0,1389.69,US Dollar,1389.69,US Dollar,Reinvestment,0
2022/09/01 00:10,1,8003BEDB0,1,8003BEDB0,4253.74,US Dollar,4253.74,US Dollar,Reinvestment,0
2022/09/01 00:18,220,8001C8C50,1420,8003093C0,2266.17,US Dollar,2266.17,US Dollar,Cheque,0
2022/09/01 00:08,220,8003D1C20,220,8003D1C20,36147.73,US Dollar,36147.73,US Dollar,Reinvestment,0
2022/09/01 00:28,1601,8003E9590,1601,8003E9590,200933.1,US Dollar,200933.1,US Dollar,Reinvestment,0
2022/09/01 00:20,1292,800301970,1292,800301970,62243.74,US Dollar,62243.74,US Dollar,Reinvestment,0
2022/09/01 00:19,12,8001E5D00,12,8001E5D00,10288.74,US Dollar,10288.74,US Dollar,Reinvestment,0
2022/09/01 17:25,29788,80399CED0,241869,80F390FC0,8430.98,Swiss Franc,8430.98,Swiss Franc,ACH,1
2022/09/01 00:25,10,80018E990,10,8002C7A50,4230.93,US Dollar,4230.93,US Dollar,Cheque,0
2022/09/01 00:05,10,8000F89F0,12,8001F1B20,7183.39,US Dollar,7183.39,US Dollar,Cheque,0
2022/09/01 00:26,1362,800321170,1362,800321170,22.34,US Dollar,22.34,US Dollar,Reinvestment,0
2022/09/01 00:12,10,8001A7AD0,10,8001A7AD0,34483.29,US Dollar,34483.29,US Dollar,Reinvestment,0
2022/09/01 00:22,12,8001EF2E0,12,8001EF2E0,23.87,US Dollar,23.87,US Dollar,Reinvestment,0
2022/09/01 09:22,40836,80F6B88B0,16606,8064545E0,11800.69,US Dollar,11800.69,US Dollar,ACH,1
2022/09/01 00:14,1420,8006A3840,217680,80C132DC0,3.62,US Dollar,3.62,US Dollar,Credit Card,0
2022/09/01 00:21,10,8002BD9B0,10,8002BD9B0,23.31,US Dollar,23.31,US Dollar,Reinvestment,0
2022/09/01 00:10,10,80022C150,10,80022C150,224810.39,US Dollar,224810.39,US Dollar,Reinvestment,0
2022/09/01 00:08,1,8003CB810,1,8003CB810,21.93,US Dollar,21.93,US Dollar,Reinvestment,0
2022/09/01 00:20,1,80019A020,1,800139D10,46109.44,US Dollar,46109.44,US Dollar,Cheque,0
2022/09/01 00:13,3587,8002FCBB0,3587,8002FCBB0,6462.82,US Dollar,6462.82,US Dollar,Reinvestment,0
2022/09/01 00:26,220,800147790,220,800147790,5.09,US Dollar,5.09,US Dollar,Reinvestment,0
2022/09/01 00:17,1601,8003E8FC0,5836,8052D9C80,32.71,US Dollar,32.71,US Dollar,Credit Card,0
2022/09/01 00:25,10,800128000,10,800128000,504728.24,US Dollar,504728.24,US Dollar,Reinvestment,0
2022/09/01 00:12,1,800139380,1,800139380,538664.08,US Dollar,538664.08,US Dollar,Reinvestment,0
2022/09/01 00:11,1,8002696B0,1,8002696B0,341050.49,US Dollar,341050.49,US Dollar,Reinvestment,0
2022/09/01 00:09,10,8001F4820,10,8001F4820,24914.54,US Dollar,24914.54,US Dollar,Reinvestment,0
2022/09/01 00:15,1362,8001F75E0,1362,8001F75E0,4269292.47,US Dollar,4269292.47,US Dollar,Reinvestment,0
2022/09/01 00:19,1,80011DB20,1674,800406D80,172.72,US Dollar,172.72,US Dollar,Cheque,0
2022/09/01 00:01,220,800145A20,220,800145A20,33877.87,US Dollar,33877.87,US Dollar,Reinvestment,0
2022/09/01 00:04,10,80034E290,10,80034E290,937.26,US Dollar,937.26,US Dollar,Reinvestment,0
2022/09/01 00:11,1467,800328620,1467,800328620,4999.79,US Dollar,4999.79,US Dollar,Reinvestment,0
2022/09/01 00:27,220,8003AEFD0,220,8003AEFD0,8.56,US Dollar,8.56,US Dollar,Reinvestment,0
2022/09/01 00:04,10,800135090,10,800135090,24.78,US Dollar,24.78,US Dollar,Reinvestment,0
2022/09/01 00:18,11904,8016BC320,10,8016BBF40,106953.0,US Dollar,106953.0,US Dollar,ACH,0
2022/09/01 00:23,1292,8002C2DE0,1292,8002C2DE0,5000889.07,US Dollar,5000889.07,US Dollar,Reinvestment,0
2022/09/01 00:04,119,811C597B0,48309,811C599A0,34254.65,Saudi Riyal,34254.65,Saudi Riyal,ACH,1
2022/09/01 00:12,12,8001C8580,12,8001C8580,8.64,US Dollar,8.64,US Dollar,Reinvestment,0
2022/09/06 18:07,241869,80F390FC0,22736,807DC76A0,6240.05,US Dollar,6240.05,US Dollar,ACH,1
2022/09/01 00:26,1,800419AC0,1,800419AC0,771.0,US Dollar,771.0,US Dollar,Reinvestment,0
2022/09/01 00:26,1,8002F39A0,1,8002F39A0,37390.28,US Dollar,37390.28,US Dollar,Reinvestment,0
2022/09/01 00:16,1,800221B50,1,800221B50,5978.27,US Dollar,5978.27,US Dollar,Reinvestment,0
2022/09/01 00:17,3607,80033D9B0,220,80033D730,0.01,US Dollar,0.01,US Dollar,Cheque,0
2022/09/01 00:08,1601,800409060,1601,800409060,60080.79,US Dollar,60080.79,US Dollar,Reinvestment,0
2022/09/01 00:21,1362,80028F230,1362,80028F230,17.62,US Dollar,17.62,US Dollar,Reinvestment,0
2022/09/01 00:07,10,8002C4370,10,8002C4370,3.11,US Dollar,3.11,US Dollar,Reinvestment,0
2022/09/01 00:26,1,8003EDB50,1,8003EDB50,4.56,US Dollar,4.56,US Dollar,Reinvestment,0
2022/09/01 00:03,12,800268C40,1588,800425D10,27985.7,US Dollar,27985.7,US Dollar,Cash,0
2022/09/01 00:11,12,80013DF00,12,80013DF00,10.49,US Dollar,10.49,US Dollar,Reinvestment,0
2022/09/01 00:14,10,80010B900,10,80011DA80,9655.21,US Dollar,9655.21,US Dollar,Cheque,0
2022/09/01 00:19,70,100428660,1292,8002D6970,299.68,US Dollar,299.68,US Dollar,Cheque,0
2022/09/01 00:03,1467,8013C4030,20,80BC62F10,58702.1,Yuan,58702.1,Yuan,ACH,1
2022/09/01 00:16,12,8002FCDD0,12,8002FCDD0,15.1,US Dollar,15.1,US Dollar,Reinvestment,0
2022/09/01 00:25,12,80034CF10,12,80034CF10,124964.7,US Dollar,124964.7,US Dollar,Reinvestment,0
2022/09/01 00:14,3291,8003D8380,10,8003D7B50,1589.4,US Dollar,1589.4,US Dollar,Cheque,0
2022/09/01 00:09,10,8001C7260,10,800250DA0,3790.42,US Dollar,3790.42,US Dollar,Credit Card,0
2022/09/01 00:25,1665,80152E780,15625,81173FE50,5.87,US Dollar,5.87,US Dollar,Credit Card,0
2022/09/01 00:03,70,100428660,10,80036A930,9769.57,US Dollar,9769.57,US Dollar,Credit Card,0
2022/09/01 00:08,1,8002ED0B0,1,8002ED0B0,6.19,US Dollar,6.19,US Dollar,Reinvestment,0
2022/09/01 00:24,220,8001C8C50,1420,8003093C0,8074.94,US Dollar,8074.94,US Dollar,Credit Card,0
2022/09/01 00:15,3608,8003B7370,1,8003B71A0,8518.15,US Dollar,8518.15,US Dollar,ACH,0
2022/09/01 00:06,1,8001D0B60,22205,80A343EB0,14.51,US Dollar,14.51,US Dollar,Credit Card,0
2022/09/01 00:20,1,800150BF0,1,800150BF0,38322.5,US Dollar,38322.5,US Dollar,Reinvestment,0
2022/09/01 00:13,1,800253C40,1,800253C40,81781.47,US Dollar,81781.47,US Dollar,Reinvestment,0
2022/09/01 00:28,10,8002B4B00,10,8002B4B00,12910.75,US Dollar,12910.75,US Dollar,Reinvestment,0
2022/09/01 00:22,1420,80026D530,1420,80026D530,17907.41,US Dollar,17907.41,US Dollar,Reinvestment,0
2022/09/01 00:04,220,800141340,220,800141340,18.29,US Dollar,18.29,US Dollar,Reinvestment,0
2022/09/01 00:12,1292,8001D8CB0,1292,8001D8CB0,307514.32,US Dollar,307514.32,US Dollar,Reinvestment,0
2022/09/01 00:01,220,80019CC60,220,80019CC60,15.43,US Dollar,15.43,US Dollar,Reinvestment,0
2022/09/01 00:27,1,80005B9B0,1,80005B9B0,38143.57,US Dollar,38143.57,US Dollar,Reinvestment,0
2022/09/01 00:04,12,800137450,12,8001CF680,2157.28,US Dollar,2157.28,US Dollar,ACH,0
2022/09/01 00:16,12,800418900,12,800418900,8367.47,US Dollar,8367.47,US Dollar,Reinvestment,0
2022/09/01 00:08,1,80011C190,1674,8003BB960,479.47,US Dollar,479.47,US Dollar,ACH,0
2022/09/01 00:09,10,8002C3410,10,8002C3410,3720729.02,US Dollar,3720729.02,US Dollar,Reinvestment,0
2022/09/01 00:24,1362,80034E010,1362,80034E010,1735.22,US Dollar,1735.22,US Dollar,Reinvestment,0
2022/09/01 00:16,3469,80038C1F0,1420,80038B700,0.02,US Dollar,0.02,US Dollar,ACH,0
2022/09/01 00:07,1292,8001B5340,1588,800389460,5090.15,US Dollar,5090.15,US Dollar,Credit Card,0
2022/09/01 00:24,10,80022C9C0,10,80022C9C0,200.05,US Dollar,200.05,US Dollar,Reinvestment,0
2022/09/01 00:10,1,8002F39A0,1,8002F39A0,21.26,US Dollar,21.26,US Dollar,Reinvestment,0
2022/09/01 00:14,220,8001CB040,220,8001CB040,16.22,US Dollar,16.22,US Dollar,Reinvestment,0
2022/09/01 00:26,12,8000EC280,2439,8017BF800,7.66,US Dollar,7.66,US Dollar,Credit Card,0
2022/09/01 00:01,3546,8003A63E0,3546,8003A63E0,27687.57,US Dollar,27687.57,US Dollar,Reinvestment,0
2022/09/01 00:01,1292,80018F9C0,1292,80018F9C0,10.69,US Dollar,10.69,US Dollar,Reinvestment,0
2022/09/01 00:12,3401,8002B5CF0,12,80028C360,3442.2,US Dollar,3442.2,US Dollar,ACH,0
2022/09/01 00:08,10,8002C7A50,10,8002C7A50,12.39,US Dollar,12.39,US Dollar,Reinvestment,0
2022/09/01 00:06,3374,800153420,1,8001F5570,2625.21,US Dollar,2625.21,US Dollar,ACH,0
2022/09/01 00:27,1362,800251DA0,1362,800251DA0,305187.69,US Dollar,305187.69,US Dollar,Reinvestment,0
2022/09/01 00:18,1362,80024DB40,1362,80024DB40,2027.04,US Dollar,2027.04,US Dollar,Reinvestment,0
2022/09/01 00:27,1,80033DA50,1,80033DA50,50.77,US Dollar,50.77,US Dollar,Reinvestment,0
2022/09/01 00:04,1,8003EC980,1,8003EC980,23.13,US Dollar,23.13,US Dollar,Reinvestment,0
2022/09/01 00:11,3619,800327CB0,3619,800327CB0,43141.53,US Dollar,43141.53,US Dollar,Reinvestment,0
2022/09/01 00:06,12,8001E1D40,12,8001E1D40,12909.88,US Dollar,12909.88,US Dollar,Reinvestment,0
2022/09/01 00:09,70,100428660,1665,8003C71D0,2661.27,US Dollar,2661.27,US Dollar,Credit Card,0
2022/09/01 00:29,220,800213200,220,800213200,6.33,US Dollar,6.33,US Dollar,Reinvestment,0
2022/09/01 00:10,1362,8001CF830,1362,8001CF830,3731.69,US Dollar,3731.69,US Dollar,Reinvestment,0
2022/09/01 00:07,12,8001A4930,1,8001C9F20,9820.19,US Dollar,9820.19,US Dollar,Credit Card,0
2022/09/01 00:28,1,8001580D0,1,8001580D0,19.24,US Dollar,19.24,US Dollar,Reinvestment,0
2022/09/01 00:04,12,8000F8580,12,8000F8580,29117.33,US Dollar,29117.33,US Dollar,Reinvestment,0
2022/09/01 00:43,12963,80296CA20,241869,80F390FC0,12562.68,Swiss Franc,12562.68,Swiss Franc,ACH,1
2022/09/01 00:19,1665,8003BD3A0,1665,8003BD3A0,3.53,US Dollar,3.53,US Dollar,Reinvestment,0
2022/09/01 00:13,12,800145390,12,800110F70,10.84,US Dollar,10.84,US Dollar,Wire,0
2022/09/01 00:05,220,80013D570,220,80013D570,203011.23,US Dollar,203011.23,US Dollar,Reinvestment,0
2022/09/01 00:18,701,8016BBEA0,701,8016BBEA0,11.68,US Dollar,11.68,US Dollar,Reinvestment,0
2022/09/01 00:21,3232,8001AC390,1,800255680,23.49,US Dollar,23.49,US Dollar,ACH,0
2022/09/01 00:05,12,8001F60D0,1588,8003E2690,20612.91,US Dollar,20612.91,US Dollar,Credit Card,0
2022/09/01 00:29,10,8003667A0,10,8003667A0,5142.79,US Dollar,5142.79,US Dollar,Reinvestment,0
2022/09/01 00:20,70,100428660,10,8003470E0,177249.51,US Dollar,177249.51,US Dollar,Cash,0
2022/09/01 00:02,1,8001904A0,1,8001904A0,12122.91,US Dollar,12122.91,US Dollar,Reinvestment,0
2022/09/01 15:05,23842,80195DE20,2845,801E2BC20,277.59,US Dollar,277.59,US Dollar,ACH,1
2022/09/01 00:26,1362,800328AE0,1362,800328AE0,38537.23,US Dollar,38537.23,US Dollar,Reinvestment,0
2022/09/01 00:12,3429,800220470,3429,800220470,4538.07,US Dollar,4538.07,US Dollar,Reinvestment,0
2022/09/01 00:00,1362,800392D50,1362,800392D50,55538.73,US Dollar,55538.73,US Dollar,Reinvestment,0
2022/09/01 00:13,701,8004083C0,701,8004083C0,3.38,US Dollar,3.38,US Dollar,Reinvestment,0
2022/09/01 00:08,12,800106D00,12,800106D00,1611778.05,US Dollar,1611778.05,US Dollar,Reinvestment,0
2022/09/04 09:44,10057,803DE1580,28628,80ACEE280,11364.12,Australian Dollar,11364.12,Australian Dollar,ACH,1
2022/09/01 00:25,1588,8004047B0,1588,8004047B0,33762.11,US Dollar,33762.11,US Dollar,Reinvestment,0
2022/09/01 00:25,12,8001A37B0,12,8001A37B0,21.02,US Dollar,21.02,US Dollar,Reinvestment,0
2022/09/01 00:27,1362,80025B860,220,800423C60,1181.84,US Dollar,1181.84,US Dollar,Cheque,0
2022/09/01 00:14,10,8003951A0,10,8003951A0,9.93,US Dollar,9.93,US Dollar,Reinvestment,0
2022/09/01 00:02,220,800259710,220,800259710,3939.47,US Dollar,3939.47,US Dollar,Reinvestment,0
2022/09/01 00:21,12,80022B750,513,8003AD240,1847.27,US Dollar,1847.27,US Dollar,Cheque,0
2022/09/01 00:24,10,8001CF7B0,18617,8053BF4A0,49.83,US Dollar,49.83,US Dollar,Credit Card,0
2022/09/01 00:03,3242,801DC7400,3242,801DC7400,1266.68,US Dollar,1266.68,US Dollar,Reinvestment,0
2022/09/01 00:01,10,8001F25A0,10,8001F25A0,14.82,US Dollar,14.82,US Dollar,Reinvestment,0
2022/09/01 00:00,3292,8001541B0,3292,8001541B0,3776.79,US Dollar,3776.79,US Dollar,Reinvestment,0
2022/09/01 00:00,220,8001A7890,220,8001A7890,21.53,US Dollar,21.53,US Dollar,Reinvestment,0
2022/09/01 00:05,220,8001DEA10,220,8001DEA10,1811.06,US Dollar,1811.06,US Dollar,Reinvestment,0
2022/09/01 00:12,1362,8003F78C0,1362,8003F78C0,4461.58,US Dollar,4461.58,US Dollar,Reinvestment,0
2022/09/01 00:27,10,8003B5870,10,8003B5870,10344.07,US Dollar,10344.07,US Dollar,Reinvestment,0
2022/09/01 00:18,10,8001CC420,10,8001CC420,21.14,US Dollar,21.14,US Dollar,Reinvestment,0
2022/09/01 00:03,12,800145390,12,800145390,21.08,US Dollar,21.08,US Dollar,Reinvestment,0
2022/09/01 00:20,1,8002B62D0,1,8002B62D0,45252.06,US Dollar,45252.06,US Dollar,Reinvestment,0
2022/09/01 00:28,1,80019A020,1,800139D10,6048.34,US Dollar,6048.34,US Dollar,ACH,0
2022/09/01 00:08,10,8001520E0,1588,8003BEB90,676.22,US Dollar,676.22,US Dollar,Cheque,0
2022/09/01 00:08,3331,80018A1A0,10,80019AE30,1034.69,US Dollar,1034.69,US Dollar,Wire,0
2022/09/01 00:11,12,80012FE00,13037,805B34210,0.54,US Dollar,0.54,US Dollar,Credit Card,0
2022/09/01 00:06,1,800107BD0,1,8001488C0,40074.51,US Dollar,40074.51,US Dollar,Cheque,0
2022/09/01 00:13,1729,800412ED0,1729,800412ED0,818.47,US Dollar,818.47,US Dollar,Reinvestment,0
2022/09/01 00:11,1,80005E740,1362,800256180,19119.46,US Dollar,19119.46,US Dollar,Wire,0
2022/09/01 00:13,10,800199C60,10,800199C60,2257.62,US Dollar,2257.62,US Dollar,Cheque,0
2022/09/01 00:03,1601,800416BA0,1601,800416BA0,10432.43,US Dollar,10432.43,US Dollar,Reinvestment,0
2022/09/04 17:23,241869,80F390FC0,1467,801D43090,4832.76,US Dollar,4832.76,US Dollar,ACH,1
2022/09/01 00:21,10,8001F9870,10,8001F9870,22.35,US Dollar,22.35,US Dollar,Reinvestment,0
2022/09/01 00:23,1,80039C940,1,80039C940,953870.44,US Dollar,953870.44,US Dollar,Reinvestment,0
2022/09/01 00:03,10,800416050,10,800416050,8851.33,US Dollar,8851.33,US Dollar,Reinvestment,0
2022/09/01 00:02,12,8001DB230,12,8001DB230,4596.66,US Dollar,4596.66,US Dollar,Reinvestment,0
2022/09/01 00:22,1,8001409E0,10,80014D160,89.89,US Dollar,89.89,US Dollar,ACH,0
2022/09/01 00:29,1,800320950,1,800320950,184.49,US Dollar,184.49,US Dollar,Reinvestment,0
2022/09/01 00:28,3378,80032ECC0,1588,8003387C0,22796.63,US Dollar,22796.63,US Dollar,ACH,0
2022/09/01 09:56,21174,800737690,220,8007A5B70,5738987.96,US Dollar,5738987.96,US Dollar,ACH,1
2022/09/01 00:16,220,80013E150,220,80013E150,383708.11,US Dollar,383708.11,US Dollar,Reinvestment,0
2022/09/01 00:24,10,80010B040,10,80010B040,5.4,US Dollar,5.4,US Dollar,Reinvestment,0
2022/09/01 00:14,1362,8001CC190,1362,8001CC190,8.25,US Dollar,8.25,US Dollar,Reinvestment,0
2022/09/01 00:13,1467,8002D6C00,1467,8002D6C00,7493.05,US Dollar,7493.05,US Dollar,Reinvestment,0
2022/09/01 00:00,1292,8003E6C90,1292,8003E6C90,1098415.11,US Dollar,1098415.11,US Dollar,Reinvestment,0
2022/09/01 00:18,3284,8001AB230,3284,8001AB230,831.56,US Dollar,831.56,US Dollar,Reinvestment,0
2022/09/01 00:00,1,8003EAF10,1,8003EAF10,2150.71,US Dollar,2150.71,US Dollar,Reinvestment,0
2022/09/01 00:26,1467,800407B10,1467,800407B10,3.04,US Dollar,3.04,US Dollar,Reinvestment,0
2022/09/01 00:11,10,8001AB1E0,10,8001AB1E0,370747.53,US Dollar,370747.53,US Dollar,Reinvestment,0
2022/09/01 00:28,1362,800213DC0,1362,800213DC0,3.61,US Dollar,3.61,US Dollar,Reinvestment,0
2022/09/01 00:11,1,8012275D0,1467,801227620,8468.0,US Dollar,8468.0,US Dollar,ACH,0
2022/09/01 00:28,3331,8001F48C0,3331,8001F48C0,1311.52,US Dollar,1311.52,US Dollar,Reinvestment,0
2022/09/01 00:19,1420,8003AD860,1420,8003AD860,15975.9,US Dollar,15975.9,US Dollar,Reinvestment,0
2022/09/01 00:24,1,8000F6110,1,8000F6110,14609.34,US Dollar,14609.34,US Dollar,Reinvestment,0
2022/09/01 00:27,220,8001195D0,220,8001195D0,1741.4,US Dollar,1741.4,US Dollar,Reinvestment,0
2022/09/01 00:24,1688,800408960,1688,800408960,24.62,US Dollar,24.62,US Dollar,Reinvestment,0
2022/09/01 00:21,10,80026FCE0,10,80026FCE0,5265.98,US Dollar,5265.98,US Dollar,Reinvestment,0
2022/09/01 00:04,1,800153B10,1,800153B10,16.42,US Dollar,16.42,US Dollar,Reinvestment,0
2022/09/01 00:19,1467,80033D290,1467,80033D290,69245.48,US Dollar,69245.48,US Dollar,Reinvestment,0
2022/09/01 00:05,1362,800266160,1362,800266160,7.8,US Dollar,7.8,US Dollar,Reinvestment,0
2022/09/01 00:02,1292,8001E0AE0,1292,8001E0AE0,109169.12,US Dollar,109169.12,US Dollar,Reinvestment,0
2022/09/01 00:16,10,8003E7740,10,8003E7740,928601.35,US Dollar,928601.35,US Dollar,Reinvestment,0
2022/09/01 00:14,3378,8001DEB00,3378,8001DEB00,4424.18,US Dollar,4424.18,US Dollar,Reinvestment,0
2022/09/01 00:28,1362,800252EE0,10,800307C80,10942.39,US Dollar,10942.39,US Dollar,Cheque,0
2022/09/01 00:15,1,8001275E0,1420,8002ED740,578.02,US Dollar,578.02,US Dollar,Wire,0
2022/09/01 00:12,1467,80034DED0,1467,80034DED0,10169.23,US Dollar,10169.23,US Dollar,Reinvestment,0
2022/09/01 00:08,10,8004156E0,10,8004156E0,56060.89,US Dollar,56060.89,US Dollar,Reinvestment,0
2022/09/01 00:22,1,80015E3C0,1,80015E3C0,13.67,US Dollar,13.67,US Dollar,Reinvestment,0
2022/09/04 12:03,21174,800737690,10,800692550,2724.99,US Dollar,2724.99,US Dollar,ACH,1
2022/09/01 00:18,10,8000F89F0,10,8001AA710,138.32,US Dollar,138.32,US Dollar,Credit Card,0
2022/09/01 00:23,1,800320950,1,800320950,13.44,US Dollar,13.44,US Dollar,Reinvestment,0
2022/09/01 00:18,1292,8003322C0,1292,8003322C0,15914.01,US Dollar,15914.01,US Dollar,Reinvestment,0
2022/09/01 00:03,70,100428660,10,8003CA760,1700306.92,US Dollar,1700306.92,US Dollar,Cheque,0
2022/09/01 00:23,10,800119190,10,800119190,15.2,US Dollar,15.2,US Dollar,Reinvestment,0
2022/09/01 00:21,10,80014F470,1,80014F510,567647250.74,US Dollar,567647250.74,US Dollar,ACH,0
2022/09/01 00:14,3264,800144F70,3264,800144F70,220.89,US Dollar,220.89,US Dollar,Reinvestment,0
2022/09/01 00:10,1,800057A10,1,800057A10,755232.33,US Dollar,755232.33,US Dollar,Reinvestment,0
2022/09/01 00:03,1420,800225050,1420,800225050,63556.17,US Dollar,63556.17,US Dollar,Reinvestment,0
2022/09/01 00:14,220,8003024C0,220,8003024C0,860337.47,US Dollar,860337.47,US Dollar,Reinvestment,0
2022/09/01 00:17,10,8003B40C0,10,8003B40C0,7082.83,US Dollar,7082.83,US Dollar,Reinvestment,0
2022/09/01 00:14,70,100428660,1,8002640E0,627.28,US Dollar,627.28,US Dollar,Credit Card,0
2022/09/01 00:05,1674,800422FB0,1674,800422FB0,1812.04,US Dollar,1812.04,US Dollar,Reinvestment,0
2022/09/01 01:28,70,100428660,13264,805A66B50,1776.32,US Dollar,1776.32,US Dollar,Credit Card,1
2022/09/01 00:00,220,800263410,220,800263410,24.87,US Dollar,24.87,US Dollar,Reinvestment,0
2022/09/01 00:11,1362,80024F540,1362,80024F540,16.37,US Dollar,16.37,US Dollar,Reinvestment,0
2022/09/01 00:25,1,80028D3C0,2053,806A9DA10,19.1,US Dollar,19.1,US Dollar,Credit Card,0
2022/09/01 00:17,1467,800414A40,1467,800414A40,9.29,US Dollar,9.29,US Dollar,Reinvestment,0
2022/09/01 00:20,3291,800330C20,3291,800330C20,782.48,US Dollar,782.48,US Dollar,Reinvestment,0
2022/09/01 00:01,10,8001AA0E0,24869,8100D4600,7.83,US Dollar,7.83,US Dollar,Credit Card,0
2022/09/01 00:04,1292,8003E21B0,1292,8003E21B0,8021.13,US Dollar,8021.13,US Dollar,Reinvestment,0
2022/09/01 00:05,1420,80025D780,1420,80025D780,6.58,US Dollar,6.58,US Dollar,Reinvestment,0
2022/09/01 00:17,1674,801009860,1674,801009860,17.29,US Dollar,17.29,US Dollar,Reinvestment,0
2022/09/01 00:23,70,100428660,1,8002B62D0,306809.28,US Dollar,306809.28,US Dollar,Cheque,0
2022/09/01 00:16,12,8003DE240,12,8003DE240,8.49,US Dollar,8.49,US Dollar,Reinvestment,0
2022/09/01 00:23,701,8004255E0,701,8004255E0,313.85,US Dollar,313.85,US Dollar,Reinvestment,0
2022/09/01 00:10,1,8001C6920,10,8001E8240,1575.81,US Dollar,1575.81,US Dollar,Credit Card,0
2022/09/01 00:01,1292,800193840,1292,800193840,17.87,US Dollar,17.87,US Dollar,Reinvestment,0
2022/09/01 00:05,10,8001C5260,10,8001C5260,145270.65,US Dollar,145270.65,US Dollar,Reinvestment,0
2022/09/01 00:19,12,8002FC5B0,12,8002FC5B0,22.19,US Dollar,22.19,US Dollar,Reinvestment,0
2022/09/01 00:07,1,800327650,1,800327650,159698.19,US Dollar,159698.19,US Dollar,Reinvestment,0
2022/09/01 00:02,10,8003C2210,10,8003C2210,8.22,US Dollar,8.22,US Dollar,Reinvestment,0
2022/09/01 00:13,10,800311E10,10,800311E10,7.13,US Dollar,7.13,US Dollar,Reinvestment,0
2022/09/01 00:16,10,80014D160,10,80014D160,31130.34,US Dollar,31130.34,US Dollar,Reinvestment,0
2022/09/01 00:26,10,8001742E0,1292,800188040,4933.17,US Dollar,4933.17,US Dollar,Wire,0
2022/09/01 00:18,1420,8002B9DE0,1420,8002B9DE0,58872.67,US Dollar,58872.67,US Dollar,Reinvestment,0
2022/09/01 00:17,1467,8002BAD80,1467,8002BAD80,678445.31,US Dollar,678445.31,US Dollar,Reinvestment,0
2022/09/01 00:14,1,8001E9F40,1,8001E9F40,831.75,US Dollar,831.75,US Dollar,Reinvestment,0
2022/09/01 00:11,10,800151E60,10,800151E60,22.86,US Dollar,22.86,US Dollar,Reinvestment,0
2022/09/01 00:00,220,800192280,10,80019D770,33955.15,US Dollar,33955.15,US Dollar,Cheque,0
2022/09/01 00:23,513,800417E30,513,800417E30,5906.37,US Dollar,5906.37,US Dollar,Reinvestment,0
2022/09/01 00:26,1420,8003F1520,1420,8003F1520,1884876.29,US Dollar,1884876.29,US Dollar,Reinvestment,0
2022/09/01 00:07,3401,8003A6A80,3401,8003A6A80,2767.36,US Dollar,2767.36,US Dollar,Reinvestment,0
2022/09/01 00:14,3552,8002C2E30,3552,8002C2E30,288.04,US Dollar,288.04,US Dollar,Reinvestment,0
2022/09/01 00:24,1,8001C6920,10,8001E8240,127.34,US Dollar,127.34,US Dollar,Cash,0
2022/09/01 00:11,10,80012FEA0,10,80012FEA0,10020.68,US Dollar,10020.68,US Dollar,Reinvestment,0
2022/09/01 00:04,1,8001CFCE0,1,8001CFCE0,21.56,US Dollar,21.56,US Dollar,Reinvestment,0
2022/09/01 00:24,1665,8003CFC30,1665,8003CFC30,44569.53,US Dollar,44569.53,US Dollar,Reinvestment,0
2022/09/01 00:26,12,80028AD20,12,80028AD20,3765.03,US Dollar,3765.03,US Dollar,Reinvestment,0
2022/09/01 00:13,1292,80020A460,1292,80020A460,1181425.47,US Dollar,1181425.47,US Dollar,Reinvestment,0
2022/09/01 00:22,1665,8005E24C0,1665,8005E24C0,52.75,US Dollar,52.75,US Dollar,Reinvestment,0
2022/09/01 00:07,1,8001635B0,1,8001635B0,14.38,US Dollar,14.38,US Dollar,Reinvestment,0
2022/09/01 00:18,1,800410530,1,800410530,240564.17,US Dollar,240564.17,US Dollar,Reinvestment,0
2022/09/01 00:26,220,800192280,10,80019D770,11480.66,US Dollar,11480.66,US Dollar,Wire,0
2022/09/01 00:11,12,800132EC0,12,800132EC0,7.96,US Dollar,7.96,US Dollar,Reinvestment,0
2022/09/01 00:20,1,8000F7850,1,8001003A0,300.44,US Dollar,300.44,US Dollar,Cash,0
2022/09/01 00:03,10,80015FF20,10,80015FF20,5.88,US Dollar,5.88,US Dollar,Reinvestment,0
2022/09/01 00:00,10,80022C9C0,10,80022C9C0,3.37,US Dollar,3.37,US Dollar,Reinvestment,0
2022/09/01 00:13,1,800139D10,1,800139D10,1059001.36,US Dollar,1059001.36,US Dollar,Reinvestment,0
2022/09/01 00:11,1362,80021F410,1362,80021F410,1152350.51,US Dollar,1152350.51,US Dollar,Reinvestment,0
2022/09/01 00:33,21387,811B12170,21387,811B121C0,3259.18,Euro,3259.18,Euro,ACH,1
2022/09/01 00:26,1362,800345B50,1362,800345B50,10.78,US Dollar,10.78,US Dollar,Reinvestment,0
2022/09/01 00:20,1601,800336AD0,220,8003D7DF0,2609.48,US Dollar,2609.48,US Dollar,ACH,0
2022/09/01 00:26,12,80025D320,12,80025D320,862.52,US Dollar,862.52,US Dollar,Reinvestment,0
2022/09/01 00:04,1362,800221BA0,1362,800221BA0,10596.65,US Dollar,10596.65,US Dollar,Reinvestment,0
2022/09/01 00:25,70,100428660,1362,8001E0F10,183.36,US Dollar,183.36,US Dollar,Cheque,0
2022/09/01 00:12,12,8001744E0,10,8002FE410,67413.0,US Dollar,67413.0,US Dollar,Cheque,0
2022/09/01 00:00,1729,800426440,1729,800426440,18843.48,US Dollar,18843.48,US Dollar,Reinvestment,0
2022/09/01 00:23,70,100428660,32375,80E480620,14288.83,US Dollar,14288.83,US Dollar,Cash,1
2022/09/01 00:18,12,800261100,12,800261100,818178.02,US Dollar,818178.02,US Dollar,Reinvestment,0
2022/09/01 00:13,1588,8003DC060,1588,8003DC060,23.81,US Dollar,23.81,US Dollar,Reinvestment,0
2022/09/01 00:07,10,80005CB50,10,8000F8070,1314.94,US Dollar,1314.94,US Dollar,ACH,0
2022/09/01 00:25,1,80005C0A0,1588,8003AC470,729.88,US Dollar,729.88,US Dollar,Wire,0
2022/09/01 00:03,10,8003F3470,10,8003F3470,17771.84,US Dollar,17771.84,US Dollar,Reinvestment,0
2022/09/01 00:08,12,800145390,12,800110F70,9.38,US Dollar,9.38,US Dollar,ACH,0
2022/09/01 00:27,220,80025FDF0,16586,80BD22DC0,195.97,US Dollar,195.97,US Dollar,Credit Card,0
2022/09/01 00:20,1292,800266A00,1292,800266A00,22.19,US Dollar,22.19,US Dollar,Reinvestment,0
2022/09/01 00:12,3405,8001F9F70,3405,8001F9F70,200.8,US Dollar,200.8,US Dollar,Reinvestment,0
2022/09/01 00:07,1467,8003E3880,1467,8003E3880,1132.21,US Dollar,1132.21,US Dollar,Reinvestment,0
2022/09/01 00:10,220,800111970,220,800111970,2328.95,US Dollar,2328.95,US Dollar,Reinvestment,0
2022/09/01 00:28,1,80033CEC0,1,80033CEC0,24.26,US Dollar,24.26,US Dollar,Reinvestment,0
2022/09/01 00:04,1,8003A9560,1,8003A9560,657179.03,US Dollar,657179.03,US Dollar,Reinvestment,0
2022/09/01 00:05,12,80010F6E0,10,800113DC0,342.34,US Dollar,342.34,US Dollar,Credit Card,0
2022/09/01 00:14,1674,801009860,1411,80100A2C0,424245.0,US Dollar,424245.0,US Dollar,Cheque,0
2022/09/01 00:12,12,8002C2340,12,8002C2340,83092.93,US Dollar,83092.93,US Dollar,Reinvestment,0
2022/09/01 00:11,1420,8002CF5A0,1420,8002CF5A0,2953687.05,US Dollar,2953687.05,US Dollar,Reinvestment,0
2022/09/01 00:06,70,100428660,220,800190EB0,4443.78,US Dollar,4443.78,US Dollar,Credit Card,0
2022/09/01 00:39,6,80A50D000,127999,80A50D050,5832.84,Australian Dollar,5832.84,Australian Dollar,ACH,1
2022/09/01 00:06,10,8003A8280,10,8003A8280,9.41,US Dollar,9.41,US Dollar,Reinvestment,0
2022/09/01 00:06,220,8001CBEF0,220,8001CBEF0,1253405.45,US Dollar,1253405.45,US Dollar,Reinvestment,0
2022/09/01 00:12,1,80020AC30,1,80020AC30,4835.42,US Dollar,4835.42,US Dollar,Reinvestment,0
2022/09/01 00:02,1,800252D10,1,800345910,5016.26,US Dollar,5016.26,US Dollar,ACH,0
2022/09/01 00:08,3246,8002BA380,3246,8002BA380,6412.17,US Dollar,6412.17,US Dollar,Reinvestment,0
2022/09/01 00:29,1,8002B5940,1,8002B5940,6975.78,US Dollar,6975.78,US Dollar,Reinvestment,0
2022/09/01 00:14,12,800140D90,12,800140D90,31419.78,US Dollar,31419.78,US Dollar,Reinvestment,0
2022/09/01 00:12,1,8002584D0,1,8002584D0,4.26,US Dollar,4.26,US Dollar,Reinvestment,0
2022/09/01 00:22,1,80015D7D0,1,8126EF0B0,287.75,US Dollar,287.75,US Dollar,Credit Card,0
2022/09/01 00:27,12,800043C00,1,8001409E0,19722.05,US Dollar,19722.05,US Dollar,Cheque,0
2022/09/01 00:11,10,800151260,10,800151260,11.9,US Dollar,11.9,US Dollar,Reinvestment,0
2022/09/01 00:20,1,800042CB0,12,800117590,1367.69,US Dollar,1367.69,US Dollar,Credit Card,0
2022/09/03 14:22,21174,800737690,1420,8006FB970,4717.76,US Dollar,4717.76,US Dollar,ACH,1
2022/09/01 00:13,220,8001AA6C0,220,8001AA6C0,8742.31,US Dollar,8742.31,US Dollar,Reinvestment,0
2022/09/04 03:24,14290,801B949C0,10057,803DE1580,892031.21,Yen,892031.21,Yen,ACH,1
2022/09/01 00:05,1292,800217780,1292,800217780,12444.47,US Dollar,12444.47,US Dollar,Reinvestment,0
2022/09/01 00:09,12,8003ED440,12,8003ED440,15.13,US Dollar,15.13,US Dollar,Reinvestment,0
2022/09/01 00:19,1,8001F6960,1,8001F6960,614988.9,US Dollar,614988.9,US Dollar,Reinvestment,0
2022/09/01 00:09,1665,8003E2340,11974,80FD9F9F0,44.18,US Dollar,44.18,US Dollar,Credit Card,0
2022/09/01 00:02,1,8001448A0,1,8001448A0,8.09,US Dollar,8.09,US Dollar,Reinvestment,0
2022/09/01 00:08,1,8001F5570,1,8001F5570,6.9,US Dollar,6.9,US Dollar,Reinvestment,0
2022/09/01 00:25,1292,800170160,1292,800170160,15119.78,US Dollar,15119.78,US Dollar,Reinvestment,0
2022/09/01 00:03,1,8001DDBB0,1,8001DDBB0,9137.3,US Dollar,9137.3,US Dollar,Reinvestment,0
2022/09/01 00:11,701,80040E4D0,701,80040E4D0,13.87,US Dollar,13.87,US Dollar,Reinvestment,0
2022/09/01 00:21,1292,8001AC2A0,11296,803D25610,1177.9,US Dollar,1177.9,US Dollar,Credit Card,0
2022/09/01 00:09,3264,8002ED790,1420,8002ED740,5083.84,US Dollar,5083.84,US Dollar,ACH,0
2022/09/01 00:02,1,80005AB30,1,8000EBF70,310.47,US Dollar,310.47,US Dollar,Cheque,0
2022/09/01 00:04,1,8003080E0,1467,80038D0D0,374.59,US Dollar,374.59,US Dollar,Cheque,0
2022/09/01 00:01,3542,8002BD520,3542,8002BD520,7144.1,US Dollar,7144.1,US Dollar,Reinvestment,0
2022/09/01 00:05,1,8001E6040,1,8001E6040,13.63,US Dollar,13.63,US Dollar,Reinvestment,0
2022/09/01 00:14,1674,8003E5BD0,1674,8003E5BD0,1262354.41,US Dollar,1262354.41,US Dollar,Reinvestment,0
2022/09/01 00:00,10,80014FFE0,10,80014FFE0,47733.33,US Dollar,47733.33,US Dollar,Reinvestment,0
2022/09/01 00:22,1411,80100A2C0,12893,80805AE20,6.88,US Dollar,6.88,US Dollar,Credit Card,0
2022/09/01 00:09,1,800256410,1,800256410,2349759.64,US Dollar,2349759.64,US Dollar,Reinvestment,0
2022/09/01 00:12,1,800218D10,1,800218D10,16.43,US Dollar,16.43,US Dollar,Reinvestment,0
2022/09/01 00:25,12,800331F00,12,800331F00,1735.63,US Dollar,1735.63,US Dollar,Reinvestment,0
2022/09/01 00:08,10,800189F70,10,800189F70,7.76,US Dollar,7.76,US Dollar,Reinvestment,0
2022/09/01 00:26,1,8001AA760,1,8001AA760,345.27,US Dollar,345.27,US Dollar,Reinvestment,0
2022/09/01 00:12,1420,8003223B0,1420,8003A9EB0,2391.35,US Dollar,2391.35,US Dollar,Cheque,0
2022/09/01 00:26,1,80018F640,1,80018F640,406351.09,US Dollar,406351.09,US Dollar,Reinvestment,0
2022/09/01 00:17,1420,800412310,1420,800412310,12.34,US Dollar,12.34,US Dollar,Reinvestment,0
2022/09/02 23:10,21174,800737690,1601,800578800,12183.28,US Dollar,12183.28,US Dollar,ACH,1
2022/09/01 00:09,1688,8005FD430,1688,8005FD430,748.62,US Dollar,748.62,US Dollar,Reinvestment,0
2022/09/01 00:05,12,80033BF20,12,80033BF20,187599.78,US Dollar,187599.78,US Dollar,Reinvestment,0
2022/09/01 00:29,12,800308AB0,12,800308AB0,80345.9,US Dollar,80345.9,US Dollar,Reinvestment,0
2022/09/01 00:26,1362,800428E90,1688,800429870,276940080.67,US Dollar,276940080.67,US Dollar,Cheque,0
2022/09/01 00:06,1292,8001CCCD0,1292,8001CCCD0,9.36,US Dollar,9.36,US Dollar,Reinvestment,0
2022/09/01 00:05,10,800258E60,10,800258E60,7.48,US Dollar,7.48,US Dollar,Reinvestment,0
2022/09/01 00:29,1,8004274D0,1,8004274D0,618088.69,US Dollar,618088.69,US Dollar,Reinvestment,0
2022/09/01 00:23,1362,8019FB070,1362,8019FB070,1511.0,US Dollar,1511.0,US Dollar,Reinvestment,0
2022/09/01 00:04,1420,8002BCBC0,1420,8002BCBC0,3.84,US Dollar,3.84,US Dollar,Reinvestment,0
2022/09/01 00:01,12,80022A3F0,12,80025CBF0,36804.93,US Dollar,36804.93,US Dollar,Cheque,0
2022/09/01 00:05,701,800423CB0,15747,80F6E14C0,55.13,US Dollar,55.13,US Dollar,Credit Card,0
2022/09/01 00:22,1601,8003C0E20,1601,8003C0E20,11952.7,US Dollar,11952.7,US Dollar,Reinvestment,0
2022/09/01 00:22,10,800199C60,10,800199C60,16.22,US Dollar,16.22,US Dollar,Reinvestment,0
2022/09/01 00:24,1244,8016CAB70,121303,80E2754A0,51.44,US Dollar,51.44,US Dollar,Credit Card,0
2022/09/01 00:06,12,800108290,12,800108290,6648.19,US Dollar,6648.19,US Dollar,Reinvestment,0
2022/09/01 00:27,1,8001409E0,10,80014D160,8120.74,US Dollar,8120.74,US Dollar,Credit Card,0
2022/09/01 00:18,3420,8003DBF70,3420,8003DBF70,55183.61,US Dollar,55183.61,US Dollar,Reinvestment,0
2022/09/01 00:28,1674,8003D90F0,1674,8003D90F0,2421.31,US Dollar,2421.31,US Dollar,Reinvestment,0
2022/09/01 00:02,1292,800406CE0,1292,800406CE0,2322.03,US Dollar,2322.03,US Dollar,Reinvestment,0
2022/09/01 00:23,3401,800418C70,3401,800418C70,1044.72,US Dollar,1044.72,US Dollar,Reinvestment,0
2022/09/01 00:02,12,80013AA10,12,80013AA10,4196.9,US Dollar,4196.9,US Dollar,Reinvestment,0
2022/09/01 00:17,1292,8004110B0,220,800417140,4407566.0,US Dollar,4407566.0,US Dollar,ACH,0
2022/09/01 00:10,1,80024F4A0,908,8005F6EA0,104.28,US Dollar,104.28,US Dollar,Credit Card,0
2022/09/01 00:02,3241,800145C30,10,8001521D0,0.01,US Dollar,0.01,US Dollar,Cheque,0
2022/09/01 00:08,1,80100DB80,11904,80A059840,42.18,US Dollar,42.18,US Dollar,Credit Card,0
2022/09/01 00:20,1420,800301780,1420,800301780,509508.51,US Dollar,509508.51,US Dollar,Reinvestment,0
2022/09/01 00:03,12,8002ECC00,12,8002ECC00,3152.19,US Dollar,3152.19,US Dollar,Reinvestment,0
2022/09/02 21:23,21174,800737690,1292,8004030A0,16135.09,US Dollar,16135.09,US Dollar,ACH,1
2022/09/01 00:01,10,80005CB50,1362,8003A2200,42290.37,US Dollar,42290.37,US Dollar,Cheque,0
2022/09/01 00:09,220,800251030,220,800251030,13.05,US Dollar,13.05,US Dollar,Reinvestment,0
2022/09/01 00:09,1688,800429870,236197,810758CA0,10.76,US Dollar,10.76,US Dollar,Credit Card,0
2022/09/01 00:19,10,800173690,10,800173690,8.22,US Dollar,8.22,US Dollar,Reinvestment,0
2022/09/01 00:10,1420,8003A5410,1420,8003A5410,5139.09,US Dollar,5139.09,US Dollar,Reinvestment,0
2022/09/01 00:09,10,80019F8E0,10,80019F8E0,22.06,US Dollar,22.06,US Dollar,Reinvestment,0
2022/09/01 00:11,1420,8003BA850,1420,8003BA850,11.25,US Dollar,11.25,US Dollar,Reinvestment,0
2022/09/01 00:01,1,800266C90,1,800266C90,5.42,US Dollar,5.42,US Dollar,Reinvestment,0
2022/09/01 00:00,1,80028D3C0,220,8003C3370,12164.56,US Dollar,12164.56,US Dollar,Credit Card,0
2022/09/01 00:24,1420,80034DCF0,1420,80034DCF0,18.03,US Dollar,18.03,US Dollar,Reinvestment,0
2022/09/01 00:13,1,8002552F0,1,8002552F0,139782.9,US Dollar,139782.9,US Dollar,Reinvestment,0
2022/09/01 00:12,10,800213FB0,10,800213FB0,5176182.97,US Dollar,5176182.97,US Dollar,Reinvestment,0
2022/09/01 00:12,10,80010A750,10,80010A750,6.67,US Dollar,6.67,US Dollar,Reinvestment,0
2022/09/01 00:19,1,800140320,1,800140320,7.85,US Dollar,7.85,US Dollar,Reinvestment,0
2022/09/01 00:13,1292,8001B5340,1588,800389460,9243.82,US Dollar,9243.82,US Dollar,Cheque,0
2022/09/01 00:03,1,800059C00,1,800059C00,212976.7,US Dollar,212976.7,US Dollar,Reinvestment,0
2022/09/01 00:06,70,100428858,8,8090A6540,66.06,Canadian Dollar,66.06,Canadian Dollar,Cash,1
2022/09/01 00:03,12,8003ED440,12,8003ED440,5573.93,US Dollar,5573.93,US Dollar,Reinvestment,0
2022/09/01 00:04,1,8001514E0,1,8001514E0,17.54,US Dollar,17.54,US Dollar,Reinvestment,0
2022/09/01 00:25,1,8004228B0,44351,813298EF0,191.47,US Dollar,191.47,US Dollar,Credit Card,0
2022/09/01 00:01,12,800303130,513,80034B400,11264734.49,US Dollar,11264734.49,US Dollar,Cheque,0
2022/09/01 00:08,12,800055A70,12,800055A70,497338.05,US Dollar,497338.05,US Dollar,Reinvestment,0
2022/09/04 15:51,28628,80ACEE280,1467,8013C4030,7945.55,US Dollar,7945.55,US Dollar,ACH,1
2022/09/01 00:27,1,8001D49A0,1,8001D49A0,22.32,US Dollar,22.32,US Dollar,Reinvestment,0
2022/09/01 00:23,1,8001CC140,1,8001CC140,411.47,US Dollar,411.47,US Dollar,Reinvestment,0
2022/09/01 00:24,1,8001D1F20,1362,80034C6F0,16420.81,US Dollar,16420.81,US Dollar,Wire,0
2022/09/01 00:14,1,800108220,1,800108220,6712.98,US Dollar,6712.98,US Dollar,Reinvestment,0
2022/09/01 00:24,10,8003CFE10,10,8003CFE10,13.41,US Dollar,13.41,US Dollar,Reinvestment,0
2022/09/01 00:29,1665,800429DC0,1665,800429DC0,6.38,US Dollar,6.38,US Dollar,Reinvestment,0
2022/09/01 00:00,1,8001AADD0,1,8001AADD0,145397.31,US Dollar,145397.31,US Dollar,Reinvestment,0
2022/09/01 00:10,12,8003FC040,12,8003FC040,6847.99,US Dollar,6847.99,US Dollar,Reinvestment,0
2022/09/01 00:08,12,80019F000,13037,8058BD9B0,8.51,US Dollar,8.51,US Dollar,Credit Card,0
2022/09/01 00:27,1674,8003DA460,1674,8003DA460,370038.31,US Dollar,370038.31,US Dollar,Reinvestment,0
2022/09/01 00:04,220,8002FDB30,117299,810C0C8E0,18.57,US Dollar,18.57,US Dollar,Credit Card,0
2022/09/01 00:07,1,8002C4C10,1,8002C4C10,17123.99,US Dollar,17123.99,US Dollar,Reinvestment,0
2022/09/01 00:01,1588,80038D480,1588,80038D480,206.45,US Dollar,206.45,US Dollar,Reinvestment,0
2022/09/01 00:10,1,8001EE520,1,8001EE520,14.88,US Dollar,14.88,US Dollar,Reinvestment,0
2022/09/01 00:19,220,8001325C0,1588,8003C0700,32.36,US Dollar,32.36,US Dollar,Wire,0
2022/09/01 00:28,220,8001DAF70,1467,80032BCD0,192376.63,US Dollar,192376.63,US Dollar,Cash,0
2022/09/01 00:29,1601,8003DA6D0,1601,8003DA6D0,43589.84,US Dollar,43589.84,US Dollar,Reinvestment,0
2022/09/01 00:03,10,800152A90,10,800152A90,4933.91,US Dollar,4933.91,US Dollar,Reinvestment,0
2022/09/01 00:16,220,8003051E0,10,8003B5870,380764.57,US Dollar,380764.57,US Dollar,Cash,0
2022/09/01 00:12,1,8012275D0,12,80141ED50,13818883.0,US Dollar,13818883.0,US Dollar,Cheque,0
2022/09/01 00:29,3206,800254580,1420,800251370,13792.71,US Dollar,13792.71,US Dollar,ACH,0
2022/09/01 00:11,12,8002CDF90,12,8002CDF90,17.32,US Dollar,17.32,US Dollar,Reinvestment,0
2022/09/01 00:13,220,800195970,10,8001F3760,120675.97,US Dollar,120675.97,US Dollar,Cheque,0
2022/09/01 00:14,1,8002C1D80,513,8003CA3A0,99673.53,US Dollar,99673.53,US Dollar,Cash,0
2022/09/01 00:12,10,800223A20,10,800223A20,170711.94,US Dollar,170711.94,US Dollar,Reinvestment,0
2022/09/01 00:13,1292,8001D0C50,1292,8001D0C50,20.27,US Dollar,20.27,US Dollar,Reinvestment,0
2022/09/01 00:06,1068,8012261B0,1068,8012261B0,15018.93,US Dollar,15018.93,US Dollar,Reinvestment,0
2022/09/01 00:07,1420,800404E00,1420,800404E00,13.97,US Dollar,13.97,US Dollar,Reinvestment,0
2022/09/01 00:02,12,8003EC930,229558,80F7CF4E0,7.65,US Dollar,7.65,US Dollar,Credit Card,0
2022/09/01 00:16,1,800150BF0,1,800150BF0,18.14,US Dollar,18.14,US Dollar,Reinvestment,0
2022/09/01 00:02,220,8002BB000,220,8002BB000,13.26,US Dollar,13.26,US Dollar,Reinvestment,0
2022/09/01 00:05,1362,800252EE0,10,800307C80,2596.31,US Dollar,2596.31,US Dollar,Wire,0
2022/09/01 00:15,1,8003CB810,1,8003CB810,307739.52,US Dollar,307739.52,US Dollar,Reinvestment,0
2022/09/01 00:02,12,8000F5030,12,8000F5030,2806.97,US Dollar,2806.97,US Dollar,Reinvestment,0
2022/09/01 00:09,3618,800327190,220,80034A300,1416.88,US Dollar,1416.88,US Dollar,ACH,0
2022/09/01 00:24,3546,8003940F0,3546,8003940F0,4049.32,US Dollar,4049.32,US Dollar,Reinvestment,0
2022/09/01 00:07,220,800195970,220,800195970,35416.98,US Dollar,35416.98,US Dollar,Reinvestment,0
2022/09/01 00:00,3494,8003EC6B0,3494,8003EC6B0,867.42,US Dollar,867.42,US Dollar,Reinvestment,0
2022/09/01 00:29,220,8002B92A0,220,8002B92A0,7.14,US Dollar,7.14,US Dollar,Reinvestment,0
2022/09/02 12:36,223,8000DD890,40312,80F52D550,14153.46,Swiss Franc,14153.46,Swiss Franc,ACH,1
2022/09/01 00:11,1674,801009860,1,80100DB80,527190.0,US Dollar,527190.0,US Dollar,ACH,0
2022/09/01 00:03,70,100428660,220,800132390,19780972.52,US Dollar,19780972.52,US Dollar,Cash,0
2022/09/01 00:12,1292,8004203B0,1292,8004203B0,383122.34,US Dollar,383122.34,US Dollar,Reinvestment,0
2022/09/01 00:03,1,800056160,1,800056160,5439.01,US Dollar,5439.01,US Dollar,Reinvestment,0
2022/09/01 00:29,1588,800406BF0,1588,800406BF0,12.88,US Dollar,12.88,US Dollar,Reinvestment,0
2022/09/01 00:25,1,8002BC5B0,1,8002BC5B0,24359.38,US Dollar,24359.38,US Dollar,Reinvestment,0
2022/09/01 00:15,10,80040A6B0,10,80040A6B0,7156.0,US Dollar,7156.0,US Dollar,Reinvestment,0
2022/09/01 00:06,21174,800737690,12,80011F990,2848.96,Euro,2848.96,Euro,ACH,1
2022/09/01 00:22,1467,800264DC0,1467,800264DC0,23.21,US Dollar,23.21,US Dollar,Reinvestment,0
2022/09/01 00:24,1729,80040EE80,1729,80040EE80,162312.7,US Dollar,162312.7,US Dollar,Reinvestment,0
2022/09/01 00:26,3431,800267810,3431,800267810,2284.4,US Dollar,2284.4,US Dollar,Reinvestment,0
2022/09/01 00:09,3284,800158170,3284,800158170,1834.06,US Dollar,1834.06,US Dollar,Reinvestment,0
2022/09/01 00:29,10,8000F15A0,10,8000F15A0,72043.32,US Dollar,72043.32,US Dollar,Reinvestment,0
2022/09/01 00:08,1420,800335730,1420,800335730,2526.79,US Dollar,2526.79,US Dollar,Reinvestment,0
2022/09/01 00:21,10,8001F4CB0,10,8001F4CB0,4186.59,US Dollar,4186.59,US Dollar,Reinvestment,0
2022/09/01 00:04,220,800109DF0,1467,8003E2010,16157.5,US Dollar,16157.5,US Dollar,Credit Card,0
2022/09/01 00:14,10,800223A20,10,800223A20,15.64,US Dollar,15.64,US Dollar,Reinvestment,0
2022/09/01 00:21,220,8003B3A60,220,8003B3A60,22.81,US Dollar,22.81,US Dollar,Reinvestment,0
2022/09/01 00:24,1,800407920,1,800407920,4248.42,US Dollar,4248.42,US Dollar,Reinvestment,0
2022/09/01 00:24,12,800188800,218472,80B46BC60,23.87,US Dollar,23.87,US Dollar,Credit Card,0
2022/09/01 00:06,10,800118A80,10,800118A80,4.96,US Dollar,4.96,US Dollar,Reinvestment,0
2022/09/01 00:27,3673,8003D4E30,3673,8003D4E30,1684.11,US Dollar,1684.11,US Dollar,Reinvestment,0
2022/09/01 00:29,10,80005CB50,10,8000F8070,562.3,US Dollar,562.3,US Dollar,Cheque,0
2022/09/01 00:08,1,8003BC690,1,8003BC690,12.76,US Dollar,12.76,US Dollar,Reinvestment,0
2022/09/01 00:14,1601,800336AD0,1601,800336AD0,2410.57,US Dollar,2410.57,US Dollar,Reinvestment,0
2022/09/01 00:21,10,80038FC30,10,80038FC30,20.48,US Dollar,20.48,US Dollar,Reinvestment,0
2022/09/01 00:29,1674,801009860,1457,80100D180,2995.0,US Dollar,2995.0,US Dollar,ACH,0
2022/09/01 00:08,3246,8000E79C0,3246,8000E79C0,3162.64,US Dollar,3162.64,US Dollar,Reinvestment,0
2022/09/01 00:24,12,800134B10,12,800134B10,12976.01,US Dollar,12976.01,US Dollar,Reinvestment,0
2022/09/01 00:17,10,800414DA0,10,800414DA0,4221.61,US Dollar,4221.61,US Dollar,Reinvestment,0
2022/09/01 00:06,701,8002140A0,22164,8088AF6F0,12.41,US Dollar,12.41,US Dollar,Credit Card,0
2022/09/01 00:29,10,8001758B0,10,8001758B0,11.9,US Dollar,11.9,US Dollar,Reinvestment,0
2022/09/01 00:01,1729,8003ED920,1729,8003ED920,19.03,US Dollar,19.03,US Dollar,Reinvestment,0
2022/09/01 00:20,10,80019E220,10,80022A8E0,52227.9,US Dollar,52227.9,US Dollar,Cheque,0
2022/09/01 00:06,10,80014E8B0,10,80014E8B0,336.81,US Dollar,336.81,US Dollar,Reinvestment,0
2022/09/01 00:14,1362,8003F82C0,1362,8003F82C0,4202105.41,US Dollar,4202105.41,US Dollar,Reinvestment,0
2022/09/01 00:06,1292,8002B5A80,1292,8002B5A80,20.85,US Dollar,20.85,US Dollar,Reinvestment,0
2022/09/01 00:10,1241,801008480,15723,8065002B0,87.71,US Dollar,87.71,US Dollar,Credit Card,0
2022/09/01 00:22,1467,8003D6C70,1467,8003D6C70,22.44,US Dollar,22.44,US Dollar,Reinvestment,0
2022/09/01 00:02,70,100428660,1467,80041C090,50237552.29,US Dollar,50237552.29,US Dollar,Cash,0
2022/09/01 00:01,70,100428660,220,800132390,18722.79,US Dollar,18722.79,US Dollar,Credit Card,0
2022/09/01 00:04,10,8001CF7B0,1,800253C40,191283.31,US Dollar,191283.31,US Dollar,Cheque,0
2022/09/01 00:00,701,8004083C0,701,8004083C0,22741.27,US Dollar,22741.27,US Dollar,Reinvestment,0
2022/09/01 00:16,220,8000F8CF0,220,8000F8CF0,2701.91,US Dollar,2701.91,US Dollar,Reinvestment,0
2022/09/01 00:09,3630,800345170,12,80033C880,44.2,US Dollar,44.2,US Dollar,Cheque,0
2022/09/01 00:00,3211,8001583E0,3211,8001583E0,400.56,US Dollar,400.56,US Dollar,Reinvestment,0
2022/09/01 00:26,220,80033D730,220,80033D730,2496140.63,US Dollar,2496140.63,US Dollar,Reinvestment,0
2022/09/01 00:07,22345,8018A5860,22345,8018A5860,25.23,US Dollar,25.23,US Dollar,Reinvestment,0
2022/09/01 00:04,3548,8002C1E20,3548,8002C1E20,2572.42,US Dollar,2572.42,US Dollar,Reinvestment,0
2022/09/01 00:22,10,800300840,10,800300840,17685739.54,US Dollar,17685739.54,US Dollar,Reinvestment,0
2022/09/01 00:19,220,800173B80,220,800173B80,3461.18,US Dollar,3461.18,US Dollar,Reinvestment,0
2022/09/01 00:02,1601,800AC9DD0,215064,8121CF4B0,25.34,US Dollar,25.34,US Dollar,Credit Card,0
2022/09/01 00:11,12,8001DAB60,12,8001DAB60,787786.49,US Dollar,787786.49,US Dollar,Reinvestment,0
2022/09/01 00:28,1362,8003A2680,1362,8003A2680,23643.17,US Dollar,23643.17,US Dollar,Reinvestment,0
2022/09/01 00:21,1292,80025ABD0,1292,80025ABD0,5.42,US Dollar,5.42,US Dollar,Reinvestment,0
2022/09/01 00:04,13037,8018A61B0,226657,812B06600,39.48,US Dollar,39.48,US Dollar,Credit Card,0
2022/09/01 00:15,1,8003BC690,1,8003BC690,92003.99,US Dollar,92003.99,US Dollar,Reinvestment,0
2022/09/01 00:10,1292,8001D0C50,1292,8001D0C50,37344.87,US Dollar,37344.87,US Dollar,Reinvestment,0
2022/09/01 00:27,3233,800106D50,12,800106D00,1384.46,US Dollar,1384.46,US Dollar,ACH,0
2022/09/01 00:27,10,80010BBD0,10,80010BBD0,187136.5,US Dollar,187136.5,US Dollar,Reinvestment,0
2022/09/01 00:11,1420,8003F3510,12,8003DFF30,1228363.0,US Dollar,1228363.0,US Dollar,Cheque,0
2022/09/01 00:18,12,800043C00,1,8001409E0,543.08,US Dollar,543.08,US Dollar,Cash,0
2022/09/01 00:20,12,800131B10,11642,8131A9A80,46.86,US Dollar,46.86,US Dollar,Credit Card,0
2022/09/01 00:07,70,100428660,1,8002F39A0,17282.33,US Dollar,17282.33,US Dollar,Credit Card,0
2022/09/01 00:14,10,800043990,10,800043990,23.63,US Dollar,23.63,US Dollar,Reinvestment,0
2022/09/01 00:10,1588,80032DA20,10,80034A3A0,325390.0,US Dollar,325390.0,US Dollar,Cheque,0
2022/09/01 00:11,220,800214650,220,800214650,9.95,US Dollar,9.95,US Dollar,Reinvestment,0
2022/09/01 00:10,1,8000ECD10,1,8000ECD10,10227.22,US Dollar,10227.22,US Dollar,Reinvestment,0
2022/09/01 00:08,1420,8003913F0,1420,8003913F0,22.84,US Dollar,22.84,US Dollar,Reinvestment,0
2022/09/01 00:00,10,8001E8240,1601,8003EB980,16533.2,US Dollar,16533.2,US Dollar,Cheque,0
2022/09/01 00:24,1,80040DA80,1,80040DA80,123848.5,US Dollar,123848.5,US Dollar,Cheque,0
2022/09/01 00:24,1601,800336AD0,220,8003D7DF0,1360.71,US Dollar,1360.71,US Dollar,Cheque,0
2022/09/01 00:22,1729,800408CD0,1729,800408CD0,669099.45,US Dollar,669099.45,US Dollar,Reinvestment,0
2022/09/01 00:09,1292,8002C2DE0,1292,8002C2DE0,23.77,US Dollar,23.77,US Dollar,Reinvestment,0
2022/09/01 00:16,1,80028D3C0,220,8003C3370,46958.3,US Dollar,46958.3,US Dollar,Cheque,0
2022/09/01 00:04,1,80038D9F0,1,80038D9F0,420.48,US Dollar,420.48,US Dollar,Reinvestment,0
2022/09/01 00:21,12,800137450,12,800137450,15.52,US Dollar,15.52,US Dollar,Reinvestment,0
2022/09/01 00:01,10,8003EDD40,10,8003EDD40,998350.28,US Dollar,998350.28,US Dollar,Reinvestment,0
2022/09/01 00:19,10,80005B110,10,80021ADE0,210518.18,US Dollar,210518.18,US Dollar,Cheque,0
2022/09/01 00:11,513,8003B1DE0,513,8003B1DE0,392292.82,US Dollar,392292.82,US Dollar,Reinvestment,0
2022/09/01 00:27,12,8000551B0,12,8000551B0,21.77,US Dollar,21.77,US Dollar,Reinvestment,0
2022/09/01 00:04,12,800135BA0,12,800135BA0,1638.25,US Dollar,1638.25,US Dollar,Reinvestment,0
2022/09/01 00:03,70,100428660,11474,805B716C0,29024.33,US Dollar,29024.33,US Dollar,Credit Card,1
2022/09/01 00:08,1,8000F4FE0,245335,812ED62E0,4.01,US Dollar,4.01,US Dollar,Credit Card,0
2022/09/01 00:05,1292,8001BA980,1292,8001BA980,4625.75,US Dollar,4625.75,US Dollar,Reinvestment,0
2022/09/01 00:23,1601,800415240,1601,800415240,3426.52,US Dollar,3426.52,US Dollar,Reinvestment,0
2022/09/01 00:23,1362,800252EE0,1362,800252EE0,1264.63,US Dollar,1264.63,US Dollar,Reinvestment,0
2022/09/01 00:24,1292,8003BE730,1292,8003BE730,5831.93,US Dollar,5831.93,US Dollar,Reinvestment,0
2022/09/01 00:15,1,80018BA80,1588,8003BEB90,13894.43,US Dollar,13894.43,US Dollar,Credit Card,0
2022/09/01 00:12,1729,80040B4F0,1729,80040B4F0,22.12,US Dollar,22.12,US Dollar,Reinvestment,0
2022/09/01 00:29,1,80038AAE0,1,80038AAE0,67726.81,US Dollar,67726.81,US Dollar,Reinvestment,0
2022/09/01 00:19,1601,80038A310,1601,80038A310,21.69,US Dollar,21.69,US Dollar,Reinvestment,0
2022/09/01 00:19,1362,8003A2200,1362,8003A2200,330.29,US Dollar,330.29,US Dollar,Reinvestment,0
2022/09/01 00:29,1,800324420,1,800324420,9.67,US Dollar,9.67,US Dollar,Reinvestment,0
2022/09/01 00:17,70,100428660,1665,8003F8640,78275.34,US Dollar,78275.34,US Dollar,Cheque,0
2022/09/01 00:12,12,800145390,12,800110F70,367.52,US Dollar,367.52,US Dollar,Cheque,0
2022/09/01 00:19,1588,80039CD50,1588,80039CD50,72414.54,US Dollar,72414.54,US Dollar,Reinvestment,0
2022/09/01 00:09,1,8002BB600,1729,812ED71F0,47.45,US Dollar,47.45,US Dollar,Credit Card,0
2022/09/01 00:10,1420,8003DBCB0,1420,8003DBCB0,13.61,US Dollar,13.61,US Dollar,Reinvestment,0
2022/09/01 00:08,513,800309750,513,800309750,20.66,US Dollar,20.66,US Dollar,Reinvestment,0
2022/09/01 00:11,12,8003FF960,12,8003FF960,9.16,US Dollar,9.16,US Dollar,Reinvestment,0
2022/09/01 00:08,1,80011C190,1674,8003BB960,2354.98,US Dollar,2354.98,US Dollar,Cash,0
2022/09/01 00:28,1,8003D23C0,1,8003D23C0,7.03,US Dollar,7.03,US Dollar,Reinvestment,0
2022/09/01 00:06,1,8001D1F20,1362,80034C6F0,25942.02,US Dollar,25942.02,US Dollar,ACH,0
2022/09/01 00:00,220,8001A3C10,220,8001A3C10,13856.42,US Dollar,13856.42,US Dollar,Reinvestment,0
2022/09/01 00:11,10,8003F6DC0,10,8003F6DC0,2320.41,US Dollar,2320.41,US Dollar,Reinvestment,0
2022/09/01 00:07,1292,80030A0D0,1292,80030A0D0,3.87,US Dollar,3.87,US Dollar,Reinvestment,0
2022/09/01 00:20,1420,8003E8DE0,1420,8003E8DE0,13.62,US Dollar,13.62,US Dollar,Reinvestment,0
2022/09/01 00:05,1467,8003D40E0,1467,8003D40E0,19.71,US Dollar,19.71,US Dollar,Reinvestment,0
2022/09/01 00:07,10,800059840,1,800115570,330.13,US Dollar,330.13,US Dollar,Credit Card,0
2022/09/01 00:23,10,800164840,10,800164840,40918.58,US Dollar,40918.58,US Dollar,Reinvestment,0
2022/09/01 00:07,1588,80038E460,1588,80038E460,4.66,US Dollar,4.66,US Dollar,Reinvestment,0
2022/09/01 00:05,3619,800388B00,3619,800388B00,21415.56,US Dollar,21415.56,US Dollar,Reinvestment,0
2022/09/01 00:23,10,80005AD90,1,8001C6920,12532.07,US Dollar,12532.07,US Dollar,Credit Card,0
2022/09/01 00:00,513,800346EE0,513,800346EE0,2346.18,US Dollar,2346.18,US Dollar,Reinvestment,0
2022/09/01 00:23,10,8003202C0,10,8003202C0,7931.19,US Dollar,7931.19,US Dollar,Reinvestment,0
2022/09/01 00:25,1362,8002589A0,1362,8002589A0,2999211.33,US Dollar,2999211.33,US Dollar,Reinvestment,0
2022/09/01 00:29,1,80019AA00,1,80019AA00,6.84,US Dollar,6.84,US Dollar,Reinvestment,0
2022/09/01 00:06,10,80019DE00,10,80019DE00,12.45,US Dollar,12.45,US Dollar,Reinvestment,0
2022/09/01 00:09,513,800330720,513,800330720,291.24,US Dollar,291.24,US Dollar,Reinvestment,0
2022/09/01 00:20,12,80034CF10,12,80034CF10,15.07,US Dollar,15.07,US Dollar,Reinvestment,0
2022/09/01 00:15,1601,80038A310,1601,80038A310,4624.46,US Dollar,4624.46,US Dollar,Reinvestment,0
2022/09/01 00:10,1362,800252EE0,10,800307C80,18502.06,US Dollar,18502.06,US Dollar,Cash,0
2022/09/01 00:12,220,800423C60,220,800423C60,4124.64,US Dollar,4124.64,US Dollar,Reinvestment,0
2022/09/01 00:10,220,8001C8C50,1420,8003093C0,94.04,US Dollar,94.04,US Dollar,Cash,0
2022/09/01 00:02,1292,800348590,1292,800348590,15.01,US Dollar,15.01,US Dollar,Reinvestment,0
2022/09/01 00:21,12,80033C880,12,80033C880,62015.4,US Dollar,62015.4,US Dollar,Reinvestment,0
2022/09/01 00:01,220,8003A1C90,220,8003A1C90,3302.41,US Dollar,3302.41,US Dollar,Reinvestment,0
2022/09/01 00:15,1292,8003C24D0,1292,8003C24D0,52487.58,US Dollar,52487.58,US Dollar,Reinvestment,0
2022/09/01 00:24,10,80033E840,10,80033E840,9.1,US Dollar,9.1,US Dollar,Reinvestment,0
2022/09/01 00:21,1601,80041B710,1601,80041B710,1874.64,US Dollar,1874.64,US Dollar,Reinvestment,0
2022/09/01 00:18,12,8003FB470,1674,8003D9AA0,15922.94,US Dollar,15922.94,US Dollar,Credit Card,0
2022/09/01 00:00,3431,8003BEFE0,3431,8003BEFE0,22064.28,US Dollar,22064.28,US Dollar,Reinvestment,0
2022/09/01 00:27,1601,8003DA6D0,1601,8003DA6D0,4.4,US Dollar,4.4,US Dollar,Reinvestment,0
2022/09/01 00:09,1,8001EA4A0,1,8001EA4A0,3.55,US Dollar,3.55,US Dollar,Reinvestment,0
2022/09/01 00:25,220,80015FFC0,220,80015FFC0,770.23,US Dollar,770.23,US Dollar,Reinvestment,0
2022/09/01 00:09,10,800263CC0,10,800263CC0,2290187.72,US Dollar,2290187.72,US Dollar,Reinvestment,0
2022/09/01 00:20,10,8003F8010,10,8003F8010,616.7,US Dollar,616.7,US Dollar,Reinvestment,0
2022/09/01 00:21,10,8001882D0,10,8001882D0,241699.13,US Dollar,241699.13,US Dollar,Reinvestment,0
2022/09/01 00:07,10,80019F8E0,1292,8001A9700,2968.09,US Dollar,2968.09,US Dollar,Cheque,0
2022/09/01 00:17,10,800191D70,10,800191D70,18.77,US Dollar,18.77,US Dollar,Reinvestment,0
2022/09/01 00:15,1420,80024CDE0,10,8002B9030,6843.89,US Dollar,6843.89,US Dollar,Credit Card,0
2022/09/01 00:16,3292,80030BB40,3292,80030BB40,28615.96,US Dollar,28615.96,US Dollar,Reinvestment,0
2022/09/01 00:08,220,8003DB2A0,220,8003DB2A0,11.21,US Dollar,11.21,US Dollar,Reinvestment,0
2022/09/01 00:10,1,8002CDEF0,220,8002CDF40,2058772.0,US Dollar,2058772.0,US Dollar,Cheque,0
2022/09/01 00:26,12,80015E8B0,12,80015E8B0,19.53,US Dollar,19.53,US Dollar,Reinvestment,0
2022/09/01 00:02,1362,800265450,1362,800265450,61102.57,US Dollar,61102.57,US Dollar,Reinvestment,0
2022/09/01 00:21,1292,8001702F0,1292,8001702F0,4.96,US Dollar,4.96,US Dollar,Reinvestment,0
2022/09/01 00:05,1467,8002EC980,1467,8002EC980,11982.68,US Dollar,11982.68,US Dollar,Reinvestment,0
2022/09/01 00:13,1588,8003C9F90,1588,8003C9F90,23770.23,US Dollar,23770.23,US Dollar,Reinvestment,0
2022/09/01 00:25,1,8001D49A0,1,8001D49A0,1203048.4,US Dollar,1203048.4,US Dollar,Reinvestment,0
2022/09/01 00:12,1,8003E1C00,1,8003E1C00,3.57,US Dollar,3.57,US Dollar,Reinvestment,0
2022/09/01 00:05,10,80038B5C0,14433,80B224D10,9.38,US Dollar,9.38,US Dollar,Credit Card,0
2022/09/01 00:20,3206,800149170,3206,800149170,333.52,US Dollar,333.52,US Dollar,Reinvestment,0
2022/09/01 00:08,1,8003ED1F0,1,8003ED1F0,1736.25,US Dollar,1736.25,US Dollar,Reinvestment,0
2022/09/01 01:48,1411,8032F35E0,18617,8032F5C90,1053.72,US Dollar,1053.72,US Dollar,ACH,1
2022/09/01 00:17,10,8002670F0,10,8002670F0,5.88,US Dollar,5.88,US Dollar,Reinvestment,0
2022/09/01 00:15,10,800128000,12,80018B2C0,644.22,US Dollar,644.22,US Dollar,Credit Card,0
2022/09/01 00:21,1362,80030B4D0,1362,80030B4D0,124.62,US Dollar,124.62,US Dollar,Reinvestment,0
2022/09/01 00:15,220,8001D11D0,220,8001D11D0,749106.32,US Dollar,749106.32,US Dollar,Reinvestment,0
2022/09/01 00:20,1292,80021C9B0,1292,80021C9B0,8.54,US Dollar,8.54,US Dollar,Reinvestment,0
2022/09/01 00:06,10,8003B40C0,10,8003B40C0,6.82,US Dollar,6.82,US Dollar,Reinvestment,0
2022/09/01 00:02,1,800325FD0,1674,8003DA460,27928.88,US Dollar,27928.88,US Dollar,Wire,0
2022/09/01 00:25,1588,800391FC0,1588,800391FC0,8251.94,US Dollar,8251.94,US Dollar,Reinvestment,0
2022/09/01 00:24,1,8001EFB10,1,8001EFB10,28075.61,US Dollar,28075.61,US Dollar,Reinvestment,0
2022/09/01 00:21,1467,8003ADF40,1467,8003ADF40,6.94,US Dollar,6.94,US Dollar,Reinvestment,0
2022/09/01 00:23,1,80026DA60,1,80026DA60,1379.64,US Dollar,1379.64,US Dollar,Reinvestment,0
2022/09/01 00:20,12,800043C00,12,800043C00,876.16,US Dollar,876.16,US Dollar,Credit Card,0
2022/09/01 00:12,1,8001142C0,220,800102D10,22116.57,US Dollar,22116.57,US Dollar,Cash,0
2022/09/01 00:03,220,8001E9150,220,8001E9150,16.95,US Dollar,16.95,US Dollar,Reinvestment,0
2022/09/01 00:10,3429,80021EFD0,3429,80021EFD0,259.78,US Dollar,259.78,US Dollar,Reinvestment,0
2022/09/01 00:07,1,80005C050,220,80013E150,4821.72,US Dollar,4821.72,US Dollar,Cheque,0
2022/09/01 00:29,1362,8001E0470,1362,8001E0470,161.62,US Dollar,161.62,US Dollar,Reinvestment,0
2022/09/01 00:18,1292,8003FB060,1292,8003FB060,91167.7,US Dollar,91167.7,US Dollar,Reinvestment,0
2022/09/01 00:26,220,8001CF060,1362,800306200,56516.23,US Dollar,56516.23,US Dollar,Cheque,0
2022/09/01 00:21,1,80026BBD0,1,80026BBD0,5.89,US Dollar,5.89,US Dollar,Reinvestment,0
2022/09/01 00:26,1588,8003E4630,1588,8003E4630,29054.21,US Dollar,29054.21,US Dollar,Reinvestment,0
2022/09/01 00:20,1292,80015E180,1292,80015E180,2120.52,US Dollar,2120.52,US Dollar,Reinvestment,0
2022/09/01 00:07,3735,80040A840,3735,80040A840,5284.16,US Dollar,5284.16,US Dollar,Reinvestment,0
2022/09/01 00:01,3232,800187D00,3232,800187D00,11604.41,US Dollar,11604.41,US Dollar,Reinvestment,0
2022/09/01 00:27,513,8003E8B10,513,8003E8B10,13297.43,US Dollar,13297.43,US Dollar,Reinvestment,0
2022/09/01 00:12,1,800255870,1,800255870,10.28,US Dollar,10.28,US Dollar,Reinvestment,0
2022/09/01 00:17,1665,8003AD290,1665,8003AD290,9418.36,US Dollar,9418.36,US Dollar,Reinvestment,0
2022/09/01 00:10,12,8001CB7C0,213704,808ED71C0,36.35,US Dollar,36.35,US Dollar,Credit Card,0
2022/09/01 00:17,220,8001AA670,220,8001AA670,354741.98,US Dollar,354741.98,US Dollar,Reinvestment,0
2022/09/01 01:30,124368,80ED80D80,17610,80ED815E0,314.17,Euro,314.17,Euro,ACH,1
2022/09/01 00:08,1362,8001EC0F0,1362,8001EC0F0,3540.13,US Dollar,3540.13,US Dollar,Reinvestment,0
2022/09/01 00:07,1,8003E9E80,1,8003E9E80,1486.28,US Dollar,1486.28,US Dollar,Reinvestment,0
2022/09/01 00:19,1,8003B4020,1,8003B4020,21.08,US Dollar,21.08,US Dollar,Reinvestment,0
2022/09/01 00:05,1,800143B00,1,800143B00,2327827.61,US Dollar,2327827.61,US Dollar,Reinvestment,0
2022/09/01 00:13,12,800140D90,12,800140D90,14.78,US Dollar,14.78,US Dollar,Reinvestment,0
2022/09/01 00:24,220,80024F5E0,220,80024F5E0,15.69,US Dollar,15.69,US Dollar,Reinvestment,0
2022/09/01 00:23,220,8001C9B30,10,800263220,617489.0,US Dollar,617489.0,US Dollar,Cheque,0
2022/09/01 00:26,10,80019E220,10,80022A8E0,12264.37,US Dollar,12264.37,US Dollar,ACH,0
2022/09/01 00:04,3264,8001E3510,3264,8001E3510,3821.3,US Dollar,3821.3,US Dollar,Reinvestment,0
2022/09/01 00:03,15768,8149656B0,15768,8149656B0,10.91,US Dollar,10.91,US Dollar,Reinvestment,0
2022/09/01 00:09,1292,8006A3890,121303,80A3C7390,192.83,US Dollar,192.83,US Dollar,Credit Card,0
2022/09/01 00:21,220,800250630,220,800250630,83129.31,US Dollar,83129.31,US Dollar,Reinvestment,0
2022/09/04 05:06,222,811B83280,48309,811C599A0,50445.58,Saudi Riyal,50445.58,Saudi Riyal,ACH,1
2022/09/01 00:06,1362,8002663A0,1362,8002663A0,30.61,US Dollar,30.61,US Dollar,Reinvestment,0
2022/09/01 00:18,1,80005AB30,1,80005AB30,8.96,US Dollar,8.96,US Dollar,Reinvestment,0
2022/09/01 00:17,1292,800393D40,6129,803E4D2C0,24.61,US Dollar,24.61,US Dollar,Credit Card,0
2022/09/01 00:19,3708,8003E65B0,3708,8003E65B0,946.9,US Dollar,946.9,US Dollar,Reinvestment,0
2022/09/01 00:08,220,80011D000,220,8001357F0,43291.48,US Dollar,43291.48,US Dollar,Cheque,0
2022/09/01 00:20,12,80010C340,12,80010C340,14.32,US Dollar,14.32,US Dollar,Reinvestment,0
2022/09/01 00:29,1,800107BD0,1,8001488C0,449.68,US Dollar,449.68,US Dollar,ACH,0
2022/09/01 00:26,1292,8003D3470,1292,8003D3470,686293.05,US Dollar,686293.05,US Dollar,Reinvestment,0
2022/09/01 00:15,1,8001142C0,220,800102D10,14473.03,US Dollar,14473.03,US Dollar,Credit Card,0
2022/09/01 00:19,1,80018B670,1,80018B670,5853.57,US Dollar,5853.57,US Dollar,Reinvestment,0
2022/09/01 00:15,1292,8001EDF30,1292,8001EDF30,3523.33,US Dollar,3523.33,US Dollar,Reinvestment,0
2022/09/01 00:08,10,8002C5EC0,10,8002C5EC0,157898.28,US Dollar,157898.28,US Dollar,Reinvestment,0
2022/09/01 00:09,1420,80028BC30,1420,80028BC30,22796.42,US Dollar,22796.42,US Dollar,Reinvestment,0
2022/09/01 00:26,1467,80033C3F0,1467,80033C3F0,22.43,US Dollar,22.43,US Dollar,Reinvestment,0
2022/09/01 00:05,12,8001632A0,12,8001632A0,11338.08,US Dollar,11338.08,US Dollar,Reinvestment,0
2022/09/01 00:21,1,80011AA30,1292,8002C2DE0,602.04,US Dollar,602.04,US Dollar,Credit Card,0
2022/09/01 00:04,1,80033EF60,1,80033EF60,15.88,US Dollar,15.88,US Dollar,Reinvestment,0
2022/09/01 00:10,1,80015E3C0,1,80015E3C0,72846.24,US Dollar,72846.24,US Dollar,Reinvestment,0
2022/09/01 00:29,1601,8003FB280,1601,8003FB280,11.76,US Dollar,11.76,US Dollar,Reinvestment,0
2022/09/03 09:33,11318,8011AB110,28255,806C7CF80,11521.43,US Dollar,11521.43,US Dollar,ACH,1
2022/09/01 00:10,10,8003F7B80,10,8003F7B80,129205.49,US Dollar,129205.49,US Dollar,Reinvestment,0
2022/09/01 14:11,21174,800737690,20,80066B990,12536.92,Euro,12536.92,Euro,ACH,1
2022/09/01 00:04,1467,800268E80,1467,800268E80,13.94,US Dollar,13.94,US Dollar,Reinvestment,0
2022/09/01 00:13,1,8001C95B0,908,8005F6EA0,9.13,US Dollar,9.13,US Dollar,Credit Card,0
2022/09/01 00:18,1,800150C90,1,800150C90,24177.63,US Dollar,24177.63,US Dollar,Reinvestment,0
2022/09/01 00:19,220,8001357F0,220,8001357F0,7.74,US Dollar,7.74,US Dollar,Reinvestment,0
2022/09/01 00:24,12735,8018A5A80,12735,8018A5A80,48609.72,US Dollar,48609.72,US Dollar,Reinvestment,0
2022/09/01 00:10,1,8001DED20,1,8001DED20,23.17,US Dollar,23.17,US Dollar,Reinvestment,0
2022/09/01 00:03,1,800057620,1,800057620,4.58,US Dollar,4.58,US Dollar,Reinvestment,0
2022/09/01 00:10,1,80005E740,220,8001E8C30,1896.16,US Dollar,1896.16,US Dollar,Cheque,0
2022/09/01 00:09,10,800263220,211212,80684C220,71.15,US Dollar,71.15,US Dollar,Credit Card,0
2022/09/01 00:12,12,8000F7C60,10,800223A20,909.64,US Dollar,909.64,US Dollar,Cheque,0
2022/09/01 00:22,10,80011DC60,10,80011DC60,940.02,US Dollar,940.02,US Dollar,Reinvestment,0
2022/09/01 00:19,1420,8003E8660,1420,8003E8660,6.99,US Dollar,6.99,US Dollar,Reinvestment,0
2022/09/01 00:03,12,8001A4930,1,8001C9F20,4411.89,US Dollar,4411.89,US Dollar,ACH,0
2022/09/01 00:23,12,800054B70,513,8003E9220,8763.73,US Dollar,8763.73,US Dollar,Credit Card,0
2022/09/01 00:27,10,80005CF10,10,80005CF10,140736.98,US Dollar,140736.98,US Dollar,Reinvestment,0
2022/09/01 00:18,1588,8003DD9E0,1588,8003DD9E0,19.42,US Dollar,19.42,US Dollar,Reinvestment,0
2022/09/01 00:12,3433,800265F20,3433,800265F20,5177.24,US Dollar,5177.24,US Dollar,Reinvestment,0
2022/09/01 00:13,1,8003208B0,1,8003208B0,20287.04,US Dollar,20287.04,US Dollar,Reinvestment,0
2022/09/01 00:20,1601,8003E9590,1601,8003E9590,8.85,US Dollar,8.85,US Dollar,Reinvestment,0
2022/09/01 00:11,1,8003923B0,1,8003923B0,24754.89,US Dollar,24754.89,US Dollar,Reinvestment,0
2022/09/01 00:09,220,800154160,220,800154160,8026.78,US Dollar,8026.78,US Dollar,Reinvestment,0
2022/09/01 00:02,1665,8004250E0,1665,8004250E0,5926.67,US Dollar,5926.67,US Dollar,Reinvestment,0
2022/09/01 00:12,10,8000F89F0,12,8001F1B20,6513.78,US Dollar,6513.78,US Dollar,Credit Card,0
2022/09/01 00:08,1588,800406BF0,1588,800406BF0,1461.5,US Dollar,1461.5,US Dollar,Reinvestment,0
2022/09/01 00:01,1,8001003A0,1,8001003A0,10.35,US Dollar,10.35,US Dollar,Reinvestment,0
2022/09/01 00:15,1292,80025D230,1292,80025D230,14.86,US Dollar,14.86,US Dollar,Reinvestment,0
2022/09/01 00:19,10,800042E70,10,800042E70,9.63,US Dollar,9.63,US Dollar,Reinvestment,0
2022/09/01 00:11,1,8012275D0,1686,8004169F0,9814809.87,US Dollar,9814809.87,US Dollar,ACH,0
2022/09/01 00:27,10,8002670F0,1292,8003AEA10,39469.27,US Dollar,39469.27,US Dollar,Cheque,0
2022/09/01 00:10,12,800137450,12,8001CF680,3497.55,US Dollar,3497.55,US Dollar,Cheque,0
2022/09/01 00:16,70,100428660,220,800132390,15509630.09,US Dollar,15509630.09,US Dollar,Cheque,0
2022/09/01 00:19,1362,8001C47A0,1362,8001C47A0,1437235.06,US Dollar,1437235.06,US Dollar,Reinvestment,0
2022/09/01 00:07,1362,80034A530,1362,80034A530,22.97,US Dollar,22.97,US Dollar,Reinvestment,0
2022/09/01 00:20,1362,8003D80B0,10232,804FC2960,5.68,US Dollar,5.68,US Dollar,Credit Card,0
2022/09/01 00:04,1467,8003E6470,1467,8003E6470,11046.1,US Dollar,11046.1,US Dollar,Reinvestment,0
2022/09/01 00:26,12,8002BD740,12,8002BD740,8188.63,US Dollar,8188.63,US Dollar,Reinvestment,0
2022/09/01 00:07,1,80018C960,1,80018C960,15.69,US Dollar,15.69,US Dollar,Reinvestment,0
2022/09/01 00:05,12,800229520,1,80038BEA0,1609108.73,US Dollar,1609108.73,US Dollar,ACH,0
2022/09/01 00:05,10,800267550,10,800267550,17.61,US Dollar,17.61,US Dollar,Reinvestment,0
2022/09/01 00:05,1,80026AC00,1,80026AC00,9.74,US Dollar,9.74,US Dollar,Reinvestment,0
2022/09/01 00:16,12,800229520,1,80038BEA0,2209385.93,US Dollar,2209385.93,US Dollar,Cheque,0
2022/09/01 00:21,1292,800406CE0,1292,800406CE0,24.73,US Dollar,24.73,US Dollar,Reinvestment,0
2022/09/01 00:02,1,8003B02B0,1,8003B02B0,13.43,US Dollar,13.43,US Dollar,Reinvestment,0
2022/09/01 00:12,10,8002B7060,10,8002B7060,20.95,US Dollar,20.95,US Dollar,Reinvestment,0
2022/09/01 00:26,12,800043C00,12,800043C00,755.25,US Dollar,755.25,US Dollar,Cheque,0
2022/09/03 13:24,213737,805494C30,14290,801B949C0,7222.58,Euro,7222.58,Euro,ACH,1
2022/09/01 00:02,10,8001DA2B0,10,8001DA2B0,3.14,US Dollar,3.14,US Dollar,Reinvestment,0
2022/09/01 00:06,12,80014EAE0,12,80014EAE0,20.6,US Dollar,20.6,US Dollar,Reinvestment,0
2022/09/01 00:20,10,80032A340,10,80032A340,2804.41,US Dollar,2804.41,US Dollar,Reinvestment,0
2022/09/01 00:19,3296,800388A60,3296,800388A60,32558.14,US Dollar,32558.14,US Dollar,Reinvestment,0
2022/09/01 00:18,1588,800429730,1588,800429730,22.87,US Dollar,22.87,US Dollar,Reinvestment,0
2022/09/01 00:10,1,80034B270,1,80034B270,21.85,US Dollar,21.85,US Dollar,Reinvestment,0
2022/09/06 19:16,241869,80F390FC0,129974,80E0D4970,7782.25,US Dollar,7782.25,US Dollar,ACH,1
2022/09/01 00:01,10,800341610,10,800341610,432682.74,US Dollar,432682.74,US Dollar,Reinvestment,0
2022/09/01 00:07,1292,8001F57A0,1292,8001F57A0,10432.32,US Dollar,10432.32,US Dollar,Reinvestment,0
2022/09/01 00:26,12,80018B2C0,12,80018B2C0,9.06,US Dollar,9.06,US Dollar,Reinvestment,0
2022/09/01 00:28,1467,80033FD10,1467,80033FD10,23.12,US Dollar,23.12,US Dollar,Reinvestment,0
2022/09/01 00:01,1,8001DA3A0,1,8001DA3A0,13.31,US Dollar,13.31,US Dollar,Reinvestment,0
2022/09/01 00:05,10,80005E100,10,80005E100,184.24,US Dollar,184.24,US Dollar,Cheque,0
2022/09/01 13:13,21174,800737690,513,80078E200,6990.87,US Dollar,6990.87,US Dollar,ACH,1
2022/09/01 00:02,10,80005E380,10,8001146D0,5477.99,US Dollar,5477.99,US Dollar,ACH,0
2022/09/01 00:16,10,80018C380,10,80018C380,23.22,US Dollar,23.22,US Dollar,Reinvestment,0
2022/09/01 00:00,1,800139380,1,800139380,18.51,US Dollar,18.51,US Dollar,Reinvestment,0
2022/09/01 00:01,1,80032BC80,1,80032BC80,47001.39,US Dollar,47001.39,US Dollar,Reinvestment,0
2022/09/01 00:19,1686,8004169F0,1047,80A0DDC70,6.28,US Dollar,6.28,US Dollar,Credit Card,0
2022/09/01 00:13,12,800212E40,12,800212E40,49.56,US Dollar,49.56,US Dollar,Reinvestment,0
2022/09/04 07:35,21174,800737690,10,800449990,19332.59,US Dollar,19332.59,US Dollar,ACH,1
2022/09/01 00:28,1292,8001625D0,1292,8001625D0,10527.86,US Dollar,10527.86,US Dollar,Reinvestment,0
2022/09/01 00:07,3730,8003FB100,3730,8003FB100,10938.1,US Dollar,10938.1,US Dollar,Reinvestment,0
2022/09/01 00:18,1,80034F230,1,80034F230,5.16,US Dollar,5.16,US Dollar,Reinvestment,0
2022/09/01 00:22,1,8002C3B00,1,8002C3B00,22.28,US Dollar,22.28,US Dollar,Reinvestment,0
2022/09/01 00:14,12,8001EF2E0,12,8001EF2E0,6241386.16,US Dollar,6241386.16,US Dollar,Reinvestment,0
2022/09/01 00:19,10,80020A6E0,10,80020A6E0,4657.68,US Dollar,4657.68,US Dollar,Reinvestment,0
2022/09/01 00:06,3390,800310CB0,3390,800310CB0,16030.67,US Dollar,16030.67,US Dollar,Reinvestment,0
2022/09/01 00:17,10,8003B1E80,10,8003B1E80,2243.58,US Dollar,2243.58,US Dollar,Reinvestment,0
2022/09/01 00:25,12,8003FB470,1674,8003D9AA0,5461.18,US Dollar,5461.18,US Dollar,Cheque,0
2022/09/01 00:18,10,800128000,12,80018B2C0,111.96,US Dollar,111.96,US Dollar,Cheque,0
2022/09/01 00:21,10,800420F50,10,800420F50,16.44,US Dollar,16.44,US Dollar,Reinvestment,0
2022/09/01 00:02,220,8001AA670,220,8001AA670,16.38,US Dollar,16.38,US Dollar,Reinvestment,0
2022/09/01 00:16,220,8002545D0,220,8002545D0,8498.25,US Dollar,8498.25,US Dollar,Reinvestment,0
2022/09/01 00:04,2439,801DC6C70,13037,8018A61B0,62787.0,US Dollar,62787.0,US Dollar,Cheque,0
2022/09/01 00:17,1,8003F5660,1,8003F5660,16.92,US Dollar,16.92,US Dollar,Reinvestment,0
2022/09/01 00:07,70,100428660,1362,8002589A0,1678.6,US Dollar,1678.6,US Dollar,Cash,0
2022/09/01 00:03,10,8001BB380,10,8001BB380,21616596.44,US Dollar,21616596.44,US Dollar,Reinvestment,0
2022/09/01 00:02,10,80034A3A0,19535,812D88190,1.47,US Dollar,1.47,US Dollar,Credit Card,0
2022/09/01 00:26,1688,8003D7410,1688,8003D7410,57586.13,US Dollar,57586.13,US Dollar,Reinvestment,0
2022/09/01 00:17,220,8001511C0,220,8001511C0,22.42,US Dollar,22.42,US Dollar,Reinvestment,0
2022/09/01 00:08,3432,80028AB30,3432,80028AB30,1766.61,US Dollar,1766.61,US Dollar,Reinvestment,0
2022/09/01 00:17,10,800145800,10,800145800,18044.81,US Dollar,18044.81,US Dollar,Reinvestment,0
2022/09/01 00:17,3673,8003B03F0,3673,8003B03F0,862.27,US Dollar,862.27,US Dollar,Reinvestment,0
2022/09/01 00:06,10,80005B110,10,80021ADE0,55474.55,US Dollar,55474.55,US Dollar,Cash,0
2022/09/01 00:23,12,80013BCB0,12,80013BCB0,7.56,US Dollar,7.56,US Dollar,Reinvestment,0
2022/09/01 00:16,10,8000F2A20,10,8000F2A20,19.29,US Dollar,19.29,US Dollar,Reinvestment,0
2022/09/04 09:10,21174,800737690,11852,800AEBA90,300.93,Euro,300.93,Euro,ACH,1
2022/09/01 00:10,1588,80032E6E0,24132,8063D10A0,166.06,US Dollar,166.06,US Dollar,Credit Card,0
2022/09/01 00:17,1,8001578F0,1,8001578F0,1738.67,US Dollar,1738.67,US Dollar,Reinvestment,0
2022/09/01 00:27,1,8002CDEF0,1,8002CDEF0,17.99,US Dollar,17.99,US Dollar,Reinvestment,0
2022/09/01 00:09,12,800105F00,15085,808D68320,19.42,US Dollar,19.42,US Dollar,Credit Card,0
2022/09/01 00:27,10,800251320,10,800251320,410932.57,US Dollar,410932.57,US Dollar,Reinvestment,0
2022/09/01 00:11,1420,8002CF5A0,1420,8002CF5A0,20.7,US Dollar,20.7,US Dollar,Reinvestment,0
2022/09/01 00:22,220,8001370E0,220,8001370E0,18.2,US Dollar,18.2,US Dollar,Reinvestment,0
2022/09/01 00:08,1292,8001EC280,1292,8001EC280,5315.42,US Dollar,5315.42,US Dollar,Reinvestment,0
2022/09/01 00:21,1588,800337490,1588,800337490,20.17,US Dollar,20.17,US Dollar,Reinvestment,0
2022/09/01 00:06,1588,800325CC0,1588,800325CC0,240393.04,US Dollar,240393.04,US Dollar,Reinvestment,0
2022/09/01 00:18,1,800126170,1,800126170,4.94,US Dollar,4.94,US Dollar,Reinvestment,0
2022/09/01 00:28,1,8001D9E20,1,8001D9E20,120826.27,US Dollar,120826.27,US Dollar,Reinvestment,0
2022/09/01 00:06,12,800335C50,12,800335C50,7.9,US Dollar,7.9,US Dollar,Reinvestment,0
2022/09/01 00:29,3274,8003CC8B0,1292,8003CC810,7640.77,US Dollar,7640.77,US Dollar,Cheque,0
2022/09/01 00:12,10,8006AF500,10,8006AF500,956.43,US Dollar,956.43,US Dollar,Reinvestment,0
2022/09/01 00:11,10,8003CE3C0,10,8003CE3C0,18.51,US Dollar,18.51,US Dollar,Reinvestment,0
2022/09/01 00:15,1,8002202E0,1,8002202E0,3524.74,US Dollar,3524.74,US Dollar,Reinvestment,0
2022/09/01 00:21,10,8002BC970,10,8002BC970,3736.63,US Dollar,3736.63,US Dollar,Reinvestment,0
2022/09/01 00:21,1,8001D1F20,1362,80034C6F0,7083.79,US Dollar,7083.79,US Dollar,Credit Card,0
2022/09/04 16:21,1501,808C45FE0,241869,80F390FC0,10058.54,Swiss Franc,10058.54,Swiss Franc,ACH,1
2022/09/01 00:06,3469,800391700,1588,80032DA20,0.02,US Dollar,0.02,US Dollar,Cheque,0
2022/09/01 00:27,10,80011CFB0,10,80011CFB0,23.08,US Dollar,23.08,US Dollar,Reinvestment,0
2022/09/01 00:10,1420,8003053E0,1420,8003053E0,13.92,US Dollar,13.92,US Dollar,Reinvestment,0
2022/09/01 00:13,220,800156930,28771,8034DB440,5.11,US Dollar,5.11,US Dollar,Credit Card,0
2022/09/01 00:12,10,800131480,10,800131480,5.74,US Dollar,5.74,US Dollar,Reinvestment,0
2022/09/01 00:23,1,80018BA80,1588,8003BEB90,7079.58,US Dollar,7079.58,US Dollar,ACH,0
2022/09/01 00:14,10,8001C6730,10,8001C6730,12287.02,US Dollar,12287.02,US Dollar,Reinvestment,0
2022/09/01 00:06,1588,8003DC150,1588,8003DC150,23.25,US Dollar,23.25,US Dollar,Reinvestment,0
2022/09/01 00:05,10,8002A4490,10,8002A4490,103857.9,US Dollar,103857.9,US Dollar,Reinvestment,0
2022/09/01 00:14,10,8002BDE00,10,8002BDE00,15827.06,US Dollar,15827.06,US Dollar,Reinvestment,0
2022/09/01 00:28,10,800324F00,10,800324F00,155020.72,US Dollar,155020.72,US Dollar,Reinvestment,0
2022/09/01 00:10,10,80021C600,10,80021C600,540344.34,US Dollar,540344.34,US Dollar,Reinvestment,0
2022/09/01 00:19,1588,8003486D0,1588,8003486D0,2205.24,US Dollar,2205.24,US Dollar,Reinvestment,0
2022/09/01 00:05,1362,8002BCD50,1362,8002BCD50,397.31,US Dollar,397.31,US Dollar,Reinvestment,0
